title_id,title_name_kr,title_name_en,title_url,title_image,views,likes,rating,rating_count,tags,genre,art_author,content_format,synopsis,pitch,creator_id,created_at,updated_at,story_author,comps,tagline,description,completed,chapters,perfect_for,tone,audience,rights
0a802807-d8f9-49ec-aaac-5d15bffd18e3,,The Noble Pirate,,,5000000,,,,[],ROMANCE,Manta Comics,,,,e05e353c-60c7-4253-a7da-e0da35f3cf44,2025-07-23 08:56:59.827661+00,2025-07-23 08:56:59.827661+00,Seodamyeon,My Fair Lady,One of the top webcomic titles in Japan (on the Piccoma platform),"From the high seas to high society.
When the infamous pirate Rosetta gets poisoned to death, she wakes up in the body of noble lady Leah. Now, to avoid a second death, Rosetta must play the part of a noble and... get engaged?! But to whom? Could it be to the strange admiral who has suddenly come chasing after ""Rosetta""?",ONGOING,50,DRAMA SERIES,EXCITING,ADULTS 18-34,MANTA/RIDI
0c583fad-ddc7-4848-844a-77d76961a3cc,,May God Bless Your Demise,,,1000000,,,,[],ROMANCE,Manta Comics,,,,e05e353c-60c7-4253-a7da-e0da35f3cf44,2025-07-23 08:56:59.827661+00,2025-07-23 08:56:59.827661+00,fiorenti,A grounded take on Beauty & the Beast,A memory-loss mystery with a romantic twist.,"Angie enjoys an idyllic life of reading and embroidering on Cullinan Island. But everything changes when she's selected as the companion to Kylek, the enigmatic heir of House Blackwell. As their bond grows, extraordinary events unfold, unraveling Cullinan Island's long-kept secret.",ONGOING,29,DRAMA SERIES,MYSTERIOUS,ADULTS 18-34,MANTA/RIDI
0dfc59ee-75aa-4182-a114-b5468c010c2c,,Season of Change,,,1000000,,,,[],DRAMA,AJS,,,,e05e353c-60c7-4253-a7da-e0da35f3cf44,2025-07-23 08:56:59.827661+00,2025-07-23 08:56:59.827661+00,AJS,This is Us,An unconventional romance,"Trying new things is never easy.
Ohran Lim is an ex-boxer who never managed to go pro. Now, she spends her days working at the local convenience store, wondering where it all went wrong. But after she meets young couple Woon and Baram, she slowly begins to change her outlook on life. ""I need to find what makes me happy.""",COMPLETED,41,DRAMA SERIES,ROM-COM,ADULTS 18-34,MANTA/RIDI
0f037c14-a2dd-4bae-ad0e-a1c6dd313123,,Lady Devil,,,20000000,,,,[],ROMANCE,FUKI Choco,,,,e05e353c-60c7-4253-a7da-e0da35f3cf44,2025-07-23 08:56:59.827661+00,2025-07-23 08:56:59.827661+00,B. Cenci,Maleficent,YouTube Trailer,"""Devil, I don't want to marry him.""
In hopes to escape a forced marriage, Giovinetta makes a wish to the devil to save her, but what she doesn't know are the consequences of her actions. Read the steamy story of a girl who just wants to be with the one man she is forbidden to love.",ONGOING,135,DRAMA SERIES,EXCITING,ADULTS 18-34,MANTA/RIDI
10208bed-9a2c-4733-8bc9-5a06597b3624,,"My Master, My Prince",,,1000000,,,,[],LGBTQ+,Khbiyong,,,,e05e353c-60c7-4253-a7da-e0da35f3cf44,2025-07-23 08:56:59.827661+00,2025-07-23 08:56:59.827661+00,Khbiyong,Call Me By Your Name,A rich/poor love story,"Fate entangles a prince and his butler.
Beta commoner Jooin has been in love with his childhood friend Licht for half an eternity, but their status separates them as the Alpha is sure to be married to an Omega instead. However, fate brings the two together once again - now as prince and his butler. Can love truly conquer all?",ONGOING,20,DRAMA SERIES,EXCITING,ADULTS 18-34,MANTA/RIDI
14e2ca4a-b941-44f6-a3e6-e5f236d081d8,,Finding Camellia,,,20000000,,,,[],ROMANCE,Manta Comics,,,,e05e353c-60c7-4253-a7da-e0da35f3cf44,2025-07-23 08:56:59.827661+00,2025-07-23 08:56:59.827661+00,Jin Soye,As You Like It,"YouTube Trailer #1
YouTube Trailer #2
Finding Camellia novel available on the Manta app","Her life was nothing but lies.
Camellia was just 12 when she was taken away from her mother in the slums and forced to live as the son of an aristocratic family. But under the layers of secrets and lies, she never forgets. She continues to struggle to be her true self again, to reclaim the life of Camellia.",ONGOING,80,DRAMA SERIES,EXCITING,ADULTS 18-34,MANTA/RIDI
15c19448-1456-4f7f-a32c-8bf6f5b178a8,,The Script,,,1000000,,,,[],ROMANCE,Nina,,,,e05e353c-60c7-4253-a7da-e0da35f3cf44,2025-07-23 08:56:59.827661+00,2025-07-23 08:56:59.827661+00,"0netwozer0, Nina","Crouching Tiger, Hidden Dragon",Wuxia-infused romance fantasy,"Revenge 13 years in the making.
To reverse a curse put on her and her brother, Yeju has been searching for the shaman responsible for 13 long years. When the heir to the Tiger Clan, Heewu, sets Yeju up in order to steal her sword, the two realize that they have the same objective. But is this new man friend or foe?",ONGOING,73,DRAMA SERIES,EXCITING,ADULTS 18-34,MANTA/RIDI
15f56ccb-bf03-4087-a7bb-c22c4bbb6c64,,The Tale of the Frost Flower,,,1000000,,,,[],HISTORICAL,Nanlo,,,,e05e353c-60c7-4253-a7da-e0da35f3cf44,2025-07-23 08:56:59.827661+00,2025-07-23 08:56:59.827661+00,Nanlo,A Knight's Tale,An imperial scandal and a shattered first love.,"Sabi is secretly in love with her childhood friend Yusu and wishes to marry him. But the day after her coming-of-age celebration, she finds herself embroiled in a scandalous rumor and suddenly engaged to the emperor's son. Will Sabi be able to clear her name and find her way back to her true love?",ONGOING,35,DRAMA SERIES,EXCITING,ADULTS 18-34,MANTA/RIDI
1708e882-6917-4e43-8721-280a13b10f90,,From Bread to Closets,,,1000000,,,,[],COMEDY,Raehyeon Kim,,,,e05e353c-60c7-4253-a7da-e0da35f3cf44,2025-07-23 08:56:59.827661+00,2025-07-23 08:56:59.827661+00,"Moonyeun Lee, Raehyeon Kim",Tidying Up with Marie Kondo,A fresh new take on the Odd Couple dynamic,"A minimalist meets a hoarder.
Jinsoo is a hoarder, Haeyoung a minimalist. But together, they make the perfect team! After meeting at a bakery as boss and employee, the two start visiting their customers' homes to help them organize their closets and rediscover themselves in the process.",COMPLETED,12,COMEDY SERIES,QUIRKY,ADULTS 18-34,MANTA/RIDI
1795bd99-b118-499d-b386-f05e42b3583d,,Sora's Eyes,,,1000000,,,,[],LGBTQ+,Summer,,,,e05e353c-60c7-4253-a7da-e0da35f3cf44,2025-07-23 08:56:59.827661+00,2025-07-23 08:56:59.827661+00,Summer,The Grudge,"Contemporary supernatural horror, in which a young man must save the most important person to him from the Grudge of an ancient god","""Just stay alive, young master.""
Sora has descended from the mountains to guard the sickly Jungha. The two have a set of rules to guide them: One, Sora decides what is considered an emergency. Two, Jungha must listen to Sora in an emergency. Three, Jungha must not bully Sora. Will they be able to stick to them?",ONGOING,68,DRAMA SERIES,EXCITING,ADULTS 18-34,MANTA/RIDI
17d1b298-7d7e-43a2-a353-ce0ec28edf66,,Zodiac Hunters,,,1000000,,,,[],SUPERNATURAL,Manta Comics,,,,e05e353c-60c7-4253-a7da-e0da35f3cf44,2025-07-23 08:56:59.827661+00,2025-07-23 08:56:59.827661+00,Manta Comics,"Star VS. the Forces of Evil, Owl House, Bunnies can be badass too., Fated to be killed by demons at the age of 16, Kihyun’s only hope now lies in luring out fiends at the beck and call of Ronnie, the Hare God, who seeks to reclaim his powers after falling from heaven. The catch? Mr. Cranky Bunny seems more interested in hunting demons than keeping Kihyun alive!","Fun, zany supernatural action","COMPS
Star VS. the Forces of Evil, Owl House",ONGOING,20,,COMEDIC ACTION,KIDS/TEENS 8-14,MANTA/RIDI
19afde4d-1392-4fbe-998c-23fab6d9c958,,Under the Oak Tree,,,100000000,,,,[],ROMANCE,P,,,,e05e353c-60c7-4253-a7da-e0da35f3cf44,2025-07-23 08:56:59.827661+00,2025-07-23 08:56:59.827661+00,"Kim Suji, Namu, Seomal","Lord of the Rings, Game of Thrones","YouTube Trailer #1
YouTube Trailer #2","Love is a fairytale. Or is it?
Stuttering lady Maximilian is forced into a marriage with Sir Riftan, but he leaves on a campaign after their wedding night. 3 years later, he triumphantly returns, ready to cherish her. All fairytales end with a wedding and a happily-ever-after. Their love began with a wedding — this is no fairytale.",ONGOING,86,DRAMA SERIES,EXCITING,ADULTS 18-34,MANTA/RIDI
1a4f77dd-d593-47b2-a945-7e60c00c2238,,Flip Turn,,,5000000,,,,[],LGBTQ+,Sangeon Baek,,,,e05e353c-60c7-4253-a7da-e0da35f3cf44,2025-07-23 08:56:59.827661+00,2025-07-23 08:56:59.827661+00,Sangeon Baek,"Heartstopper, Call Me By Your Name","Dating while Famous
Sports Romance",Swim instructor Yeonsu’s been given his hardest challenge yet: teaching A-list actor Juhwan Cha how to swim. What happens when the actor proposes something entirely unexpected?,COMPLETED,35,DRAMA SERIES,ROM-COM,ADULTS 18-34,MANTA/RIDI
1f8636e6-9db5-406a-94a8-a58c8fc0894b,,The Many Seasons of Food,,,1000000,,,,[],ROM-COM,Nandol,,,,e05e353c-60c7-4253-a7da-e0da35f3cf44,2025-07-23 08:56:59.827661+00,2025-07-23 08:56:59.827661+00,"Summer Yang, Green Dew","Funny Farm, We Bought a Zoo",The delicious joys of living in the countryside,"Tired of the hustle and bustle of city life, Minyeong decides to move back home — to the middle of nowhere. With delicious food, romance, and a bottle of good whiskey, she soon starts to rediscover the joys of living a simple life.",COMPLETED,18,DRAMA SERIES,HEART-,ADULTS 18-34,MANTA/RIDI
268df7f3-16bb-4431-b3ff-178a4cdf8f6d,,The Fallen Duke & the Knight Who Hated Him,,,1000000,,,,[],LGBTQ+,Manta Comics,,,,e05e353c-60c7-4253-a7da-e0da35f3cf44,2025-07-23 08:56:59.827661+00,2025-07-23 08:56:59.827661+00,Poisson,"The King and I, Call Me By Your Name",Sleeping with the enemy... literally,"After Duke Louison is given a second chance at life, he sets out to save the people he had so terribly failed by surrendering himself to the enemy. Yet little does he know that crossing paths with an enemy knight — the noble-hating Carlton — would become so... intimate. Things are about to get messy!",ONGOING,30,DRAMA SERIES,EXCITING,ADULTS 18-34,MANTA/RIDI
29368d41-0d17-45b7-a066-f94fa5957ec6,,"Goodbye, Dieting!",,,1000000,,,,[],DRAMEDY,Nawoon Im,,,,e05e353c-60c7-4253-a7da-e0da35f3cf44,2025-07-23 08:56:59.827661+00,2025-07-23 08:56:59.827661+00,"I Seul Park (Cheedo), Kimgae",Dietland,A first-person documentary about dieting and body image,"Loving yourself is never easy.
There are countless ways to diet. So why are there no ways to quit? An intimate, cheerful tale of growth about a woman who has long struggled with body image issues and eating disorders.",COMPLETED,12,COMEDY SERIES,HEART-,ADULTS 18-34,MANTA/RIDI
2a63a701-ce2c-44f4-a6ae-94b5c14f3fb7,,My Miraculous Bookstore,,,1000000,,,,[],YA DRAMA,Geun Hah,,,,e05e353c-60c7-4253-a7da-e0da35f3cf44,2025-07-23 08:56:59.827661+00,2025-07-23 08:56:59.827661+00,Youjung Ahn & Sammy Bang,Degrassi,A sweet coming-of-age story,"There is wonder to be found in books.
After returning home from a horrible first day at a new school, Julie is distraught to find that her mother's given away her favorite childhood book. Determined to get her comfort object back, she seeks out a used bookstore where she not only finds her book... but also a new world of possibilities!",COMPLETED,15,DRAMA SERIES,HEART-,TEENS 12-18,MANTA/RIDI
2aa8b6ca-5bf4-4255-8412-dea60f0cc8f1,,If I Were You,,,1000000,,,,[],DRAMA,Ji yoon,,,,e05e353c-60c7-4253-a7da-e0da35f3cf44,2025-07-23 08:56:59.827661+00,2025-07-23 08:56:59.827661+00,Winter,"Pachinko, Passing",This SLIDING DOORS drama could easily be adapted to focus on contemporary American girls of different economic classes swapping lives,"A maid swaps lives with a lady...
Set in the Japanese colonial period, a young girl is gifted a maidservant who looks just like her on her 8th birthday. The fate of the two children entwines as they each carve out their own destiny, surpassing obstacles such as status and gender, education and culture, and ethnicity and race.",COMPLETED,51,DRAMA SERIES,DRAMATIC,ADULTS 18-34,MANTA/RIDI
2b7677a3-1c78-4ec0-9913-006c10e0f158,,Whispers Through the Willows,,,5000000,,,,[],SCI-FI,Sue,,,,e05e353c-60c7-4253-a7da-e0da35f3cf44,2025-07-23 08:56:59.827661+00,2025-07-23 11:00:09.863824+00,Moscareto,Gattaca,A prince falls for a beautiful lie,"Sangyul's been living a lie since birth. Everyone thinks he's the feeble, omega son of Jodong Pharma's President Han, but in reality, he's as normal as can be. So what's he to do when Korea's sole alpha, Prince Reok, proposes an interesting deal? Will he finally get the ordinary life he so desires?",ONGOING,40,DRAMA SERIES,EXCITING,ADULTS 18-34,MANTA/RIDI
2c6ee669-fa70-4d88-912c-8f444eb7f9b1,,Opposites Attract,,,1000000,,,,[],LGBTQ+,Oryu,,,,e05e353c-60c7-4253-a7da-e0da35f3cf44,2025-07-23 08:56:59.827661+00,2025-07-23 08:56:59.827661+00,Oryu,Bros,Can love overcome incompatibility?,"Despite the fact that business major Dojae is far from his type, Euntak falls in love at first sight. Truth be told, the two of them couldn't be any more different. But after a one-night stand with Dojae, Euntak faces a new dilemma...",ONGOING,23,DRAMA SERIES,EXCITING,ADULTS 18-34,MANTA/RIDI
2f5be793-d1cf-4802-a8b9-f2415447ab6b,,The Deviless' Impression of a Princess,,,1000000,,,,[],ROMANCE,Manta Comics,,,,e05e353c-60c7-4253-a7da-e0da35f3cf44,2025-07-23 08:56:59.827661+00,2025-07-23 08:56:59.827661+00,Manta Comics,Maleficent,Can a bad girl make good?,"How to catch a knight? Impersonate a princess!
Lilith the Demon Queen longs to meet a knight like the ones she reads about in books. In order to lure one to her castle, she kidnaps a princess and waits. Much to her delight, the knight who shows up is exactly as she pictured him! She decides to disguise herself as the princess to capture his heart...",ONGOING,16,DRAMA SERIES,EXCITING,ADULTS 18-34,MANTA/RIDI
3252f857-0089-498e-a3d7-ef520dd4753d,,Love Order,,,1000000,,,,[],ROMANCE,Sesame,,,,e05e353c-60c7-4253-a7da-e0da35f3cf44,2025-07-23 08:56:59.827661+00,2025-07-23 08:56:59.827661+00,"Jae keun Shin, Sesame",Julie & Julia,“Food is symbolic of love when words are inadequate”,"He suddenly looks like a snack!
Just dumped, Eva turns to the comfort of food to heal her broken heart. But little does she know that her childhood friend, James, may just be the comfort she needs! Can James help Eva cook up a cure for heartbreak? Or will it be a recipe for disaster?",COMPLETED,17,DRAMA SERIES,SWEET,ADULTS 18-34,MANTA/RIDI
3582aa7f-0783-4aa3-b9e6-8227bf746b4e,,Evangeline's Sword,,,5000000,,,,[],ROMANCE,Manta Comics,,,,e05e353c-60c7-4253-a7da-e0da35f3cf44,2025-07-23 08:56:59.827661+00,2025-07-23 08:56:59.827661+00,SJ,Rings of Power,Action and adventure elevate this romance fantasy,"How far are you willing to go for love?
Not a day goes by that Eve doesn't wish to reunite with her childhood friend, Mikha. But three years later, when she learns that Mikha has become a cursed sorcerer who leaves only death in his wake, Eve must embark on a journey to save not only the man she loves but also the world as she knows it.",ONGOING,53,DRAMA SERIES,EXCITING,ADULTS 18-34,MANTA/RIDI
3decaf26-84f3-48bb-a1e4-1f4ee7c59603,,Observing Elena Evoy,,,10000000,,,,[],ROMANCE,Dorong,,,,e05e353c-60c7-4253-a7da-e0da35f3cf44,2025-07-23 08:56:59.827661+00,2025-07-23 08:56:59.827661+00,Myeongcho,Bridgerton,YouTube Trailer,"""If you're not my rival, why do I feel this way?""
Blessed with both beauty and brains, it was only natural for Johann to be the top student at the Academy — that is, until Elena Evoy appears. To make things worse, she seems completely unfazed by his charms, shattering his self-esteem. So why can't he stop thinking about her?",COMPLETED,101,DRAMA SERIES,EXCITING,ADULTS 18-34,MANTA/RIDI
4373eded-4870-4969-8787-55b0872f853a,,Happiness Starts at Home,,,1000000,,,,[],COMEDY,Bakseonuu,,,,e05e353c-60c7-4253-a7da-e0da35f3cf44,2025-07-23 08:56:59.827661+00,2025-07-23 08:56:59.827661+00,Koyo Choi & Bakseonuu,"Harlem, Girls",A Gen Z take on four friends living in the city,"Start caring for your living space!
Creating the perfect home doesn't have to cost an arm and a leg. Follow four women with strong personalities as they share with you their tips and tricks on DIY interior decorating. Learn how to look after both your living space and yourself in order to take back control of your life.",COMPLETED,15,COMEDY SERIES,SOAPY,ADULTS 18-34,MANTA/RIDI
4404dd76-9b4a-46e5-a615-13ab186a9931,,Falling for a Dying Princess,,,1000000,,,,[],ROMANCE,Manta Comics,,,,e05e353c-60c7-4253-a7da-e0da35f3cf44,2025-07-23 08:56:59.827661+00,2025-07-23 10:56:19.18887+00,Jeonhoochi,Love and Other Drugs,A dying princess and the knight who loves her,"Princess Kirona has Tetra Fever, a disease that eventually results in death. To save herself, she travels to the East in search of a cure and meets Jade Eclipse, a mercenary with a handsome face and mysterious past. Will Kirona find a way to survive? Or is Jade fated to love a doomed princess?",ONGOING,21,DRAMA SERIES,EXCITING,ADULTS 18-34,MANTA/RIDI
4613c32f-b177-4f68-94eb-7d6a3d33c599,,The Duke's Fake Sister,,,1000000,,,,[],ROMANCE,Jyagan,,,,e05e353c-60c7-4253-a7da-e0da35f3cf44,2025-07-23 08:56:59.827661+00,2025-07-23 08:56:59.827661+00,"Rose Line, Jyagan",Rebecca,A wild secret-identity romance fantasy.,"To escape her brothel, Grizz Benedict is offered a fake identity as the Virenhague family's daughter. Her new ""brother"" showers her with gifts, and soon he attempts to give himself to her entirely. Despite feeling that this will all end in disaster, Grizz wonders if she ought to just accept it...",ONGOING,22,DRAMA SERIES,EDGY,ADULTS 18-34,MANTA/RIDI
475f7c2d-8c39-4d1f-bbd7-caa40c5f9205,,Stigmata,,,1000000,,,,[],PERIOD,Gwak Jong-pil,,,,e05e353c-60c7-4253-a7da-e0da35f3cf44,2025-07-23 08:56:59.827661+00,2025-07-23 08:56:59.827661+00,TP,Avatar: The Last Airbender,"An isekai with a stunning, magical world","He who bears the mark of the true Holy King. 
Servant Sion wants nothing more than a quiet life. Instead, he's betrayed by the one he trusts and tortured by the jealous ""Holy king"" siennas for bearing stigmata, a holy mark, on his back. But rather than dying, Sion's mind is reborn in the body of Siennas on his coronation day 5 years earlier...",ONGOING,31,DRAMA SERIES,EXCITING,ADULTS 18-34,MANTA/RIDI
48b0a17b-d753-4862-8086-1d4e8dfe6dcb,,Disobey the Duke if You Dare,,,30000000,,,,[],ROMANCE,Manta Comics,,,,e05e353c-60c7-4253-a7da-e0da35f3cf44,2025-07-23 08:56:59.827661+00,2025-07-23 10:56:02.409251+00,Romance Machine K,Jane Eyre,YouTube Trailer,"You must never see the duke’s face.
After her second husband's death, Lily is forced into a third marriage by her father. Her new husband is rumored to be a monstrous warmonger, but to Lily's surprise, the Duke turns out to be a kind man and husband. There's just one catch... she must never see his face.",ONGOING,68,DRAMA SERIES,EXCITING,ADULTS 18-34,MANTA/RIDI
48f63fce-a8f7-4fa2-a194-5d48e0139a40,,A Zero Waste Life,,,1000000,,,,[],COMEDY,Ehreun,,,,e05e353c-60c7-4253-a7da-e0da35f3cf44,2025-07-23 08:56:59.827661+00,2025-07-23 08:56:59.827661+00,Yoojung Heo & Ehreun,Safe,A comedy about an important issue,"After relying on fast food and alcohol for too long, a health scare pulls our heroine into the world of ""Zero Waste."" But her attempts to improve her own health, as well as the health of the planet, start causing issues with the people around her. Is living a zero waste life really possible?",COMPLETED,15,FEATURE FILM,QUIRKY,ADULTS 18-34,MANTA/RIDI
49635660-21ea-4742-9ce0-052c7bbf673c,,I Raised a Black Dragon,,,10000000,,,,[],ROMANCE,Sottan,,,,e05e353c-60c7-4253-a7da-e0da35f3cf44,2025-07-23 08:56:59.827661+00,2025-07-23 08:56:59.827661+00,"Dalseul, Sottan","How to Train Your Dragon, Frozen","An outcast heroine must raise a dragon, changing her fate.","Did you just imprint on me?!
After dying from overwork, Noa ends up possessing the body of Eleanora, the villainess from a novel. Noa simply wants to lead a peaceful life and tries not to interfere with the original story. That is, until a baby dragon that’s meant to imprint on the heroine imprints on her instead...",ONGOING,65,,EXCITING,ADULTS 18-34,MANTA/RIDI
4b56da5a-be0e-45ca-bfbe-ead0adbd6977,,Lies Become You,,,10000000,,,,[],ROMANCE,Manta Comics,,,,e05e353c-60c7-4253-a7da-e0da35f3cf44,2025-07-23 08:56:59.827661+00,2025-07-23 08:56:59.827661+00,Seoru,Pride and Prejudice,YouTube Trailer,"Once an enemy, now a husband?
Femme fatale Veronica is sentenced to death for obsessing over the prince. With her life now in danger, she boards a ship to escape, unaware that it belongs to her archnemesis, the alluring Prince Halid. He agrees to help her, but only on the condition that she pretends to be his wife!",ONGOING,58,DRAMA SERIES,EXCITING,ADULTS 18-34,MANTA/RIDI
5098fba4-fa59-4e76-b267-004d1e32e349,,Arpeggio on the Surface of the Sea,,,1000000,,,,[],LGBTQ+,Wabec,,,,e05e353c-60c7-4253-a7da-e0da35f3cf44,2025-07-23 08:56:59.827661+00,2025-07-23 10:55:36.71934+00,Wabec,"Heartstopper, Love, Victor","College Romance
Light and romantic","After developing stage fright, pianist Suyeon Cha seeks comfort in the arms of strangers. One such stranger is Haesu Shin, whom he becomes partners with for a group project. Haesu is sweet, cheerful, and makes no secret of his feelings for Suyeon, which Suyeon returns, but is also overwhelmed by...",ONGOING,23,DRAMA SERIES,SLICE OF LIFE,ADULTS 18-34,MANTA/RIDI
50d0f55d-6c88-4de2-b35b-964f4ae550a5,,4 Week Lovers,,,20000000,,,,[],LGBTQ+,Maroron,,,,e05e353c-60c7-4253-a7da-e0da35f3cf44,2025-07-23 08:56:59.827661+00,2025-07-23 08:56:59.827661+00,Maroron,"Heartstopper, To All the Boys I’ve Loved Before, Wanna fake-date for 4 weeks?, Dojun's life at college is off to a perfect start! Until he meets his roommate, Jaehee, a high school friend whom he may have ghosted. Jaehee claims he's over their unresolved past, but after an accident resulting in a fractured wrist, he makes Dojun a proposition...",One of the top BL titles across all of Southeast Asia (on the Comico platform),"COMPS
Heartstopper, To All the Boys I’ve Loved Before",ONGOING,66,DRAMA SERIES,ROM-COM,ADULTS 18-34,MANTA/RIDI
5242f43c-58a3-4360-8c4b-f883e3bb3713,,"Stand Up, Now!",,,1000000,,,,[],NONFICTION,Writer 1,,,,e05e353c-60c7-4253-a7da-e0da35f3cf44,2025-07-23 08:56:59.827661+00,2025-07-23 08:56:59.827661+00,"JY Choi, Garden",Punchline,First-person narrative about the world of stand-up,"Welcome to the world of stand-up!
What's the anatomy of a joke? Should you cross the line between funny and offensive? How do top comedians hone their craft, and how did stand-up start in the first place? Dive into the world of humor with your first ever webtoon guide to stand-up comedy!",COMPLETED,14,DOC SERIES,FUN,ADULTS 18-34,MANTA/RIDI
53e0a039-48e5-4a0b-b02c-e406fccb8c2d,,Shall We Pole Dance?,,,1000000,,,,[],COMEDY,Nandol,,,,e05e353c-60c7-4253-a7da-e0da35f3cf44,2025-07-23 08:56:59.827661+00,2025-07-23 08:56:59.827661+00,Pole Medallionnie & Mann,Fleabag,A quirky story that’s sweet and saucy,"I feel better when I'm on the pole!
Despite the taboo surrounding it, pole dancing is one of the most vigorous physical exercises out there. Though initially self-conscious about her new hobby, our protagonist learns to love her own body and herself through the art of pole dancing. So, then... Shall we dance?",COMPLETED,12,COMEDY SERIES,QUIRKY,ADULTS 18-34,MANTA/RIDI
58108da7-6e9a-4d30-ac73-686b0507e0b6,,Winter Wolf,,,5000000,,,,[],ROMANCE,soonmu,,,,e05e353c-60c7-4253-a7da-e0da35f3cf44,2025-07-23 08:56:59.827661+00,2025-07-23 08:56:59.827661+00,"RubyChe, cheong yong",Two Night Stand,Is it safe to fall in love with a stranger?,"After losing her family to the revolt, noblewoman Lysithea hires Taron, a strapping young broker, to help her flee the kingdom. But when a heavy snowstorm strands the bickering pair in an eerie abandoned mansion, Lysithea has no choice but to rely on her new partner. What dangerous romance awaits them?",ONGOING,51,DRAMA SERIES,EPIC,ADULTS 18-34,MANTA/RIDI
58f2b56a-0a94-49ab-bac2-7f00b532f51d,,The Blood Moon,,,1000000,,,,[],ROMANCE,Manta Comics,,,,e05e353c-60c7-4253-a7da-e0da35f3cf44,2025-07-23 08:56:59.827661+00,2025-07-23 08:56:59.827661+00,Manta Comics,The Originals,A fresh take on vampires,"You're the monster that can save me from this hell.
As soon as she comes of age, Linnea is married off to an aristocrat in exchange for a sizeable dowry. She finds solace in Aleksis, her new husband's son. However, terrible secrets surrounding the family come to light as soon as they cross the forbidden line. Will she be able to escape from this hell?",COMPLETED,41,DRAMA SERIES,EXCITING,ADULTS 18-34,MANTA/RIDI
5c12ad77-30ae-484a-a86d-bd7b4aa47c20,,"Paljae, Child of Winter",,,5000000,,,,[],PERIOD,Gabaemari,,,,e05e353c-60c7-4253-a7da-e0da35f3cf44,2025-07-23 08:56:59.827661+00,2025-07-23 08:56:59.827661+00,Gabaemari,The Little Mermaid,A journey that chronicles an epic love,"It's more than just coincidence.
Young Paljae drifts to the isle at world's end to be taken in by Munryeong, a hermit with a mysterious past. But when Paljae begins to waste away in the sun-bathed climate, Munryeong takes his little companion on a journey to the cold north that uncovers their forgotten past encounter.",ONGOING,70,DRAMA SERIES,EXCITING,ADULTS 18-34,MANTA/RIDI
5c6dfce0-6c8d-49c1-abff-691a32e67524,,The Dilettante,,,5000000,,,,[],THRILLER,Manta Comics,,,,e05e353c-60c7-4253-a7da-e0da35f3cf44,2025-07-23 08:56:59.827661+00,2025-07-23 08:56:59.827661+00,Jin Soye,Out of Sight,A spicy romance contrasted with an Elmore Leonard-style crime thriller,"One day, top counterterrorism agent Hana Lee receives news of her twin brother's passing. Unable to accept the death of her only living relative, she sets out to uncover the truth. Along the way, she gets tangled up with the mysterious Eunseong Yoo and the cold-blooded mafia boss, Giulio Parenti.",ONGOING,30,DRAMA SERIES,EXCITING,ADULTS 18-34,MANTA/RIDI
5d3b3fef-b257-49bb-81ae-0cdfceaf9e6a,,Homo Plastikos,,,1000000,,,,[],SCI-FI,BlueJavachip,,,,e05e353c-60c7-4253-a7da-e0da35f3cf44,2025-07-23 08:56:59.827661+00,2025-07-23 08:56:59.827661+00,Kim Da-li,"The Girl with All the Gifts, Bird Box, Children of Men",An eco-horror where “zombie” Plastikos lust for plastic… but are still deadly to flesh and blood people.,"When Jaehyun notices a bizarre phenomenon, he is rather dismissive of it. That is, until he discovers that his own long-term girlfriend Seoeun is suffering the same affliction. What in the world is going on, and why is everyone so desperate to eat plastic, at the expense of their very lives?",COMPLETED,7,FEATURE FILM,THRILLING,ADULTS 18-34,MANTA/RIDI
5dd7743e-f682-43a6-96d9-91e54c867905,,Devil at the Crossroads,,,1000000,,,,[],LGBTQ+,Nangjun,,,,e05e353c-60c7-4253-a7da-e0da35f3cf44,2025-07-23 08:56:59.827661+00,2025-07-23 08:56:59.827661+00,Nangjun,"Little Demon, What We Do in the Shadows","A quirky comedy that would be perfect for an animated adult comedy or a live action comedy
Grounded supernatural adventure adds to the fun","An accidental deal with the devil goes awry.
Veterinary student Yoon Ha discovers he has a fear of blood! To solve his problem, he makes a deal with the demon Samael in exchange for his soul, which goes terribly wrong. Now Yoon must help Samael recover his demonic powers... but evil spirits keep showing up, lusting after Yoon's body?!",ONGOING,16,COMEDY SERIES,WILD,ADULTS 18-34,MANTA/RIDI
5ed6432f-f23e-4c2d-a927-c37310e68a4f,,Tori and Samuel,,,1000000,,,,[],KIDS,Bobblejot,,,,e05e353c-60c7-4253-a7da-e0da35f3cf44,2025-07-23 08:56:59.827661+00,2025-07-23 08:56:59.827661+00,Bobblejot,Bluey,Friendship is harder than it looks – but it’s never been cuter!,"A cat, a corgi and lots of fun!
Best friends for life: The story of a sardonic cat and an eager corgi. Follow their adventures as they learn how to live together, care for each other, and welcome new members into their lives!",COMPLETED,228,,FUNNY,KIDS 3-8,MANTA/RIDI
5f0af34e-3a26-452c-8d20-f5679f255e7b,,Love Lies,,,10000000,,,,[],ROMANCE,GGuyo,,,,e05e353c-60c7-4253-a7da-e0da35f3cf44,2025-07-23 08:56:59.827661+00,2025-07-23 08:56:59.827661+00,Setbyul Park,"America's Sweethearts, The Devil Wears Prada",Fake dating Korea's hottest star,"Being the manager of a popular actress is not very fun. Hyojung is stuck on the sidelines running errands for Yeonkyung, the popular actress who also happens to be Hyojung's cousin. But Yeonkyung makes an interesting proposal: “Help me date Seungyun, Korea’s hottest star.” What will happen when Hyojung and Seungyoon begin a fake relationship to get back at Yeonkyung? They're just faking it, no emotions involved... right?",COMPLETED,83,DRAMA SERIES,QUIRKY,ADULTS 18-34,MANTA/RIDI
60c9c77c-cae0-418a-94f8-48de0f452a81,,My Super-Granny,,,1000000,,,,[],COMEDY,Jian Lee,,,,e05e353c-60c7-4253-a7da-e0da35f3cf44,2025-07-23 08:56:59.827661+00,2025-07-23 08:56:59.827661+00,Yijae Yoon & Jian Lee,Somebody Somewhere,A multi-generational heartfelt comedy,"Diary of a 20-something caretaker.
After spending her entire life working in the fields and taking care of her family, Granny's been diagnosed with dementia — and I’m her new caretaker. Now I’m starting to understand the hardships of the women who’ve grown up in the patriarchy.",COMPLETED,13,COMEDY SERIES,CHARACTER-,ADULTS 18-34,MANTA/RIDI
60fa7645-19f1-419d-97e5-6d71f459e632,,The Woodsman and the Stag,,,1000000,,,,[],LGBTQ+,Persone,,,,e05e353c-60c7-4253-a7da-e0da35f3cf44,2025-07-23 08:56:59.827661+00,2025-07-23 08:56:59.827661+00,Move,Stardust,Mythological worldbuilding adds interest to this love story,"What do you think you're doing with that axe?!
When the stag god, Cheongyeon, is rescued from a hunter by a woodsman named Mooksan, he knows Mooksan is just what he's missing up in heaven. But little does Cheongyeon know, Mooksan is no ordinary woodsman...",COMPLETED,24,DRAMA SERIES,EXCITING,ADULTS 18-34,MANTA/RIDI
6184df1a-942b-4939-9899-a899796f2977,,I Work at a Witch's Mansion,,,1000000,,,,[],SUPERNATURAL,Changgu,,,,e05e353c-60c7-4253-a7da-e0da35f3cf44,2025-07-23 08:56:59.827661+00,2025-07-23 08:56:59.827661+00,Changgu,"True Blood, Wednesday",A soapy supernatural story that combines a playful aesthetic and a spooky atmosphere,"""What did I get myself into?!”
Elena works at a theater troupe as a cleaner with big dreams of making it on stage. But when the troupe is disbanded overnight, she’s forced to find a new job. Luckily, she stumbles upon an old mansion where she’s hired as a maid. But there’s something strange about the madam of the house...",COMPLETED,36,DRAMA SERIES,MYSTERIOUS,ADULTS 18-34,MANTA/RIDI
634f998f-567f-430c-931e-eef428b2fd32,,Wish Upon a Husband,,,1000000,,,,[],ROMANCE,Manta Comics,,,,e05e353c-60c7-4253-a7da-e0da35f3cf44,2025-07-23 08:56:59.827661+00,2025-07-23 08:56:59.827661+00,Hesese,Mannequin,"The hilarious high concept of a statue coming to life to be the perfect suitor to a woman scorned
ALTHOUGH THE COMIC IS SET IN A NEBULOUS “PERIOD” SETTING, IT WOULD BE EASY TO MAKE THIS STORY CONTEMPORARY.","One wrong wish and now I have two husbands?!
After finding a wish-granting statue, Renea jumps at the chance to turn her love life around. However, what was supposed to be a wish to make her cheating husband fall in love with her ends up as a wish to marry the hunky statue instead! Can Renea pull off having two husbands without getting caught?",ONGOING,26,DRAMA SERIES,EXCITING,ADULTS 18-34,MANTA/RIDI
63563844-01c5-4a95-80a1-b0d080ef4830,,Happy Birthday,,,1000000,,,,[],LGBTQ+,Summer,,,,e05e353c-60c7-4253-a7da-e0da35f3cf44,2025-07-23 08:56:59.827661+00,2025-07-23 08:56:59.827661+00,Summer,"Heartstopper, Outer Banks, The Farewell, A story about living with loss., Going on with our lives after having lost someone is always painful. What does it mean to move on without forgetting them? This is a story about survivors struggling to find happiness within their guilt and grief.","OWNED BY
MANTA/RIDI",A deep character study,COMPLETED,15,DRAMA SERIES,HOPEFUL,ADULTS 18-34,MANTA/RIDI
64ab9862-80c4-4259-a49a-b83c0f5e8b88,,Terrarium Adventure,,,1000000,,,,[],SF/ACTION ADVENTURE,DB,,,,e05e353c-60c7-4253-a7da-e0da35f3cf44,2025-07-23 08:56:59.827661+00,2025-07-23 08:56:59.827661+00,Suha Suha & DB,Ready Player One,"With videogame adaptations hotter than ever, this is the story of a female lead caught in a videogame fighting for her survival","Jaehee is a zillionaire in a gacha game!
Obsessed with the clicker game Infinite Diamonds for over a year, Jaehee finally reaches the ultimate in-game achievement — only to suddenly find herself in the RPG gacha game Terrarium Adventure! Why was she pulled into the game, and how can she get out? For now, she has no choice but to explore!",ONGOING,44,FILM OR SERIES,CLASSIC ADVENTURE,ADULTS 18-34,MANTA/RIDI
64e1ba12-e642-424b-ab67-cf483f94eb1c,,Tendering Resignation,,,1000000,,,,[],LGBTQ+,Daman,,,,e05e353c-60c7-4253-a7da-e0da35f3cf44,2025-07-23 08:56:59.827661+00,2025-07-23 08:56:59.827661+00,Yeon-hui Woo,Dead to Me,"A perfect blend of crime, thriller and lesbian romance","3 women, 1 messy love triangle!
Geumhee has always felt safe and comfortable working at her best friend Taeri's company. But everything changes when Bora comes and stirs things up — Taeri suddenly goes into hiding, and Geumhee gets thrown into the middle of... a police investigation and a messy lesbian love triangle!",COMPLETED,62,DRAMA SERIES,ROM-COM,ADULTS 18-34,MANTA/RIDI
66a915c3-f4d5-42cd-85f4-22bcf73ddd5d,,Flash Behavior,,,1000000,,,,[],ROMANCE,Michi,,,,e05e353c-60c7-4253-a7da-e0da35f3cf44,2025-07-23 08:56:59.827661+00,2025-07-23 08:56:59.827661+00,Michi,Arrival,Can Yuli save the world AND her love life?,"Can Yuli save humanity?!
Eaters — intelligent creatures from outer space that prey on Earthlings. Problem is, even though they look like humans, no one knows how to talk with them! Enter Yuli, the only known human to date who can communicate with the Eaters.",COMPLETED,36,DRAMA SERIES,EXCITING,ADULTS 18-34,MANTA/RIDI
6723d640-175b-4f59-8b2a-a50d6b070b10,,My Father is a Tyrant,,,5000000,,,,[],ROMANCE,Night Witch,,,,e05e353c-60c7-4253-a7da-e0da35f3cf44,2025-07-23 08:56:59.827661+00,2025-07-23 08:56:59.827661+00,Night Witch,Mama Mia!,A wild isekai,"Find your dad, or face death - again.
After working herself to death, Professor Jaehee Cheon is reincarnated as a princess in a fantasy novel. Now, she must find her father from the four gorgeous candidates before her to find her happy ending. Will Jaehee be able to survive in her second life?",ONGOING,75,DRAMA SERIES,EXCITING,ADULTS 18-34,MANTA/RIDI
69e18648-a37c-47d6-b06b-f38a58c53843,,Cheolsu Saves the World,,,1000000,,,,[],SCI-FI,SooSun,,,,e05e353c-60c7-4253-a7da-e0da35f3cf44,2025-07-23 08:56:59.827661+00,2025-07-23 08:56:59.827661+00,T.Lee & SooSun,"Looper, 12 Monkeys, The Umbrella Academy",Time travel to prevent the apocalypse. Massive stakes with a great “everyman” lead.,"A massive asteroid is about to hit earth!
Humanity has failed to stop a giant asteroid from plummeting into Earth, and life as we know it has ended. An ordinary Korean office worker named Cheolsu is somehow given the chance to go back in time and prevent this catastrophe from ever happening. Does he have a chance?",COMPLETED,69,FILM OR SERIES,INSPIRING,ADULTS 18-34,MANTA/RIDI
6b47481a-aa05-4968-9404-f34b5ecaf7bc,,The Forgotten Princess Just Wants Peace,,,5000000,,,,[],ROMANCE,Lemon,,,,e05e353c-60c7-4253-a7da-e0da35f3cf44,2025-07-23 08:56:59.827661+00,2025-07-23 08:56:59.827661+00,"Roseoha, Dulhana",Anastasia,"A romance fantasy that turns the wish-fulfillment aspect of the genre on its head, focusing on a princess who doesn’t want to be royalty","I'm the daughter of a Duke?!
While locked up in a prison cell, Eluana Vita awakens her alchemy powers and later finds out she's the daughter of a Duke! However, she's in for a rude awakening when she realizes the royal life isn't what she thought it'd be. Join Eluana on her journey to find the peaceful life she's always wanted.",ONGOING,68,DRAMA SERIES,EXCITING,ADULTS 18-34,MANTA/RIDI
6bcff960-24d4-4da4-8748-3540dad09ed8,,Countdown to Love,,,1000000,,,,[],LGBTQ+,Manta Comics,,,,e05e353c-60c7-4253-a7da-e0da35f3cf44,2025-07-23 08:56:59.827661+00,2025-07-23 08:56:59.827661+00,Manta Comics,Heartstopper,A high concept elevating a gay romance,"If only I could be the one to reach you...
After an ankle injury dashes Hoon’s hopes of becoming a basketball star, he begins to see a timer in the sky. He believes it’s a countdown to the day he dies, until he discovers one day that his classmate Haedam can see it too...",COMPLETED,24,DRAMA SERIES,ROM-COM,ADULTS 18-34,MANTA/RIDI
6e05539e-253a-42be-bc75-a5267a00816e,,The Demon Queen Has a Death Wish,,,5000000,,,,[],ROMANCE,Geajuck,,,,e05e353c-60c7-4253-a7da-e0da35f3cf44,2025-07-23 08:56:59.827661+00,2025-07-23 10:58:31.623195+00,Geajuck,Queen of the Damned,A romance fantasy that breaks all the rules,"I wanted to die.. until I met him.
After breaking a treaty and waging war against the demons, humanity suffered a crushing defeat. Civilization has been destroyed, and demons are now the ruling species. At the very top, above all others, is the Demon Queen. But the Demon Queen is tired. In fact, she only has one wish: to die!",COMPLETED,45,DRAMA SERIES,EXCITING,ADULTS 18-34,MANTA/RIDI
6fe76fff-c82b-45d4-a4b5-1dee206332e6,,The Scarecrows,,,1000000,,,,[],THRILLER,Jem,,,,e05e353c-60c7-4253-a7da-e0da35f3cf44,2025-07-23 08:56:59.827661+00,2025-07-23 08:56:59.827661+00,Myeongeun Bae,"Talk to Me, Wicker Man",A new signature horror,"Mr. Kim has lived alone ever since his wife mysteriously fell off a cliff. Her body was never found, and Mr. Kim believes that she is still out there. On a dark, pouring day, Mr. Kim revisits the site of her presumed death. On his search for her, he comes across an old man that creates scarecrows for ""souls"".",COMPLETED,7,FEATURE FILM,SUSPENSEFUL,ADULTS 18-34,MANTA/RIDI
7074694d-5da9-4930-b77e-6d29b8229490,,Heartrate Presto,,,1000000,,,,[],LGBTQ+,Salmon,,,,e05e353c-60c7-4253-a7da-e0da35f3cf44,2025-07-23 08:56:59.827661+00,2025-07-23 08:56:59.827661+00,Beetle,"Heartstopper, Heaven Can Wait, Star",Music and passion collide,"I'll be the one to save you this time.
While suffering from PTSD, Roman Brennon searches for pianist Yuri Jung's album. He finds it in a small store, but it's sold before Roman can buy it. It is here that he runs into Yuri himself, who has fallen ill and can no longer play the piano. Yuri once saved Roman, but can he return the favor?",ONGOING,19,DRAMA SERIES,ROMANTIC,ADULTS 18-34,MANTA/RIDI
70bf9ac5-7a5e-4a64-b27b-e5d50c2213c2,,Restoring Art and Love,,,1000000,,,,[],ROMANCE,"MEE, Hyeon",,,,e05e353c-60c7-4253-a7da-e0da35f3cf44,2025-07-23 08:56:59.827661+00,2025-07-23 08:56:59.827661+00,"Eunjin Kim, SigolGae","High Art, Tar",High art and the human heart collide,"Love and art go hand in hand.
Sunah, the daughter of a rich family, is trying to transform her mother's failing art museum. She soon encounters art conservator Inho, who disagrees with her methods. As he tries to convince her that restoration is often better than a complete do-over, the two begin to fall in love.",COMPLETED,13,FEATURE FILM,SPARKLING,ADULTS 18-34,MANTA/RIDI
70fc0650-ae1c-4264-9676-99c46214813c,,Justice Now!,,,1000000,,,,[],COMEDY,Kiulgi,,,,e05e353c-60c7-4253-a7da-e0da35f3cf44,2025-07-23 08:56:59.827661+00,2025-07-23 08:56:59.827661+00,"Jumin Lee, Sungeun Kim",Super,Fighting the system!,"For those fighting discrimination.
Why does systemic discrimination go unnoticed? Who are the people who stand to benefit from hatred? What if remaining neutral ultimately means you're siding with the oppressors? Follow this story about discrimination, equality, and the fight for justice through the eyes of four different characters!",COMPLETED,9,COMEDY SERIES,QUIRKY,ADULTS 18-34,MANTA/RIDI
7167e3c8-c76b-4361-9bfb-bf01bf63233a,,Shoot for the Stars,,,1000000,,,,[],LGBTQ+,Mamadeul,,,,e05e353c-60c7-4253-a7da-e0da35f3cf44,2025-07-23 08:56:59.827661+00,2025-07-23 08:56:59.827661+00,Moscareto,"Heartstopper, Star","K-Pop
Seeing stats / knowing the future
Romance","Falling star to superstar!
Yusung is destined to give up on his dream of becoming an idol and spend the rest of his days working as his crush's manager. That is, unless he reinvents his approach to being a trainee! What are these mysterious skill bars only he can see? Could they be the key to avoid a painful future and making his dreams for his creative and romantic life come true?",ONGOING,53,DRAMA SERIES,ROM-COM,ADULTS 18-34,MANTA/RIDI
75afa8e5-8b47-4505-b832-7b3606c0bd60,,Isnelda,,,5000000,,,,[],ROMANCE,Sohwagi,,,,e05e353c-60c7-4253-a7da-e0da35f3cf44,2025-07-23 08:56:59.827661+00,2025-07-23 08:56:59.827661+00,"Lemoran, Sohwagi, Hyang uk","Cinderella, Louisa May Alcott's “The Inheritance”",Isnelda is stuck between her first love and a hero.,"After suddenly becoming an orphan, Isnelda is sent to live with her cold relatives until she reaches adulthood and can gain her inheritance. Yet upon becoming an adult, a benefactor returns to Isnelda's life, opening her eyes to a world of wealth, greed, lust, and... magic? What could go wrong?",ONGOING,81,DRAMA SERIES,EPIC,ADULTS 18-34,MANTA/RIDI
77b2bbed-8158-476d-87c7-196cd9dbc167,,The Fantastical After-School Writing Club,,,1000000,,,,[],ROMANCE,Manta Comics,,,,e05e353c-60c7-4253-a7da-e0da35f3cf44,2025-07-23 08:56:59.827661+00,2025-07-23 08:56:59.827661+00,Manta Comics,"The Pagemaster, Pride and Prejudice",A genuinely hilarious genre-bending romcom,"From archenemies to fictional lovers!
Taeyeon is horrified when she finds herself co-teaching an after-school writing class with her college nemesis, Yongjin. Little does she realize that the worst is yet to come. They're in for a wild ride when they get sucked into a novel written by 8-year-olds, where absurdity becomes reality!",ONGOING,19,DRAMA SERIES,EXCITING,ADULTS 18-34,MANTA/RIDI
784d24a2-c163-461f-a002-0b2a4ed028e8,,Nowhere But Iceland,,,1000000,,,,[],FANTASTICAL,Green Dew,,,,e05e353c-60c7-4253-a7da-e0da35f3cf44,2025-07-23 08:56:59.827661+00,2025-07-23 08:56:59.827661+00,Kang Eun Kyung & Yeondu,Schitt's Creek,A magical comedy about travel and reinvention,"Celebrating failure.
Feeling like a failure after giving up her lifelong dream, Kkangjang travels to Iceland, a country where failure is embraced — and also one of the most expensive places in the world. Can she make her journey work on a shoestring budget? Follow along as she travels with the help of a guardian spirit!",COMPLETED,16,COMEDY SERIES,QUIRKY,ADULTS 18-34,MANTA/RIDI
806af762-ae97-434a-867c-63eb394399c4,,Falling for Danger,,,1000000,,,,[],DRAMA,Manta Comics,,,,e05e353c-60c7-4253-a7da-e0da35f3cf44,2025-07-23 08:56:59.827661+00,2025-07-23 08:56:59.827661+00,Manta Comics,"John Wick, The Diplomat, Jack Ryan, Ghosted",A dramatic action thriller with a hint of comedy and romance,"Hale Windsor was a renowned hitman until he is betrayed and loses the love of his life. With nothing left to live for, he begins a war of revenge on the very organization he used to work for. That is, until he meets Marine, a girl who brings color back into his black and white existence.
But things are more complex for Marine, an unexceptional middle-manager who just learned her most competent-yet-challenging employee KILLS PEOPLE during his lunch hour!
The two end up an unlikely team to take on a global cartel, with a government sanction to kill.",ONGOING,10,DRAMA SERIES,SEXY,ADULTS 18-34,MANTA/RIDI
8236ff00-aca1-4a9e-be42-b6a9fb242a6f,,Traces of the Sun,,,5000000,,,,[],LGBTQ+,Merin,,,,e05e353c-60c7-4253-a7da-e0da35f3cf44,2025-07-23 08:56:59.827661+00,2025-07-23 08:56:59.827661+00,Dohaeneul,Hellbound,A compelling high concept of fantasy intrusions disrupting our modern world,"I can help you kill your friends.
Strange dungeons have started appearing all over the world and wreaking havoc. Yiseon, a guy with the power to rebuild cities, witnesses his friends being turned into the undead. Hyeon, a powerful hunter, comes to him with an interesting proposition. Yiseon has no choice but to accept his offer.",ONGOING,68,DRAMA SERIES,EXCITING,ADULTS 18-34,MANTA/RIDI
84b0a8fe-4609-4e2e-9ebc-143c286baf78,,The Year of No Shopping,,,1000000,,,,[],COMEDY,Jian Lee,,,,e05e353c-60c7-4253-a7da-e0da35f3cf44,2025-07-23 08:56:59.827661+00,2025-07-23 08:56:59.827661+00,"Da-Hye Yim, Hyejung Park",Supersize Me,A wild social experiment makes a woman re-prioritize her life,"No new clothes for a whole year?!
After finding out her rent is going to increase, Jina Yoon decides it's time for her to move. But wait... She's broke because she spent all her money on clothes! Join Jina on her year-long challenge to not buy any new clothing. Will she be able to end her addiction to shopping?",ONGOING,49,COMEDY SERIES,QUIRKY,ADULTS 18-34,MANTA/RIDI
86842432-a036-4464-999b-c94dcaa7a00f,,I've Become a True Villainess,,,10000000,,,,[],ROMANCE,Manta Comics,,,,e05e353c-60c7-4253-a7da-e0da35f3cf44,2025-07-23 08:56:59.827661+00,2025-07-23 10:56:50.660061+00,Flowing HonEy,Bridgerton,"A reincarnated heroine navigates a dangerous love triangle, doing anything to survive, no matter what!","I've died and been reincarnated as the villain of a romance novel! In order to avoid the hideous fate that awaits me, I've righted her wrongs and even gotten engaged. I should be home free, but strange things have started happening ever since the heroine appeared. Why won't her fiancé leave me alone?",COMPLETED,70,DRAMA SERIES,EXCITING,ADULTS 18-34,MANTA/RIDI
89bedb2d-bfba-420c-8f1a-6eaa36ce2af3,,Betrayal of Dignity,,,1000000,,,,[],ROMANCE,Manta Comics,,,,e05e353c-60c7-4253-a7da-e0da35f3cf44,2025-07-23 08:56:59.827661+00,2025-07-23 08:56:59.827661+00,Kimpa,"Beauty and the Beast, Bridgerton",A romance with societal rules straight out of an Edith Wharton novel,"Would you sacrifice your honor to marry a Duke?
In order to save her family from ruin, Chloe Verdier must find a groom for her sister, Alice. She soon runs into the handsome but arrogant Duke Tisse who makes a proposal that could save them. When Alice flees with a mysterious man, Chloe must seek out the Duke in the biggest gamble of her life.",ONGOING,26,DRAMA SERIES,EXCITING,ADULTS 18-34,MANTA/RIDI
8c88fe9d-9698-4f84-8336-a3733efe4f5b,,The Quant of Wall Street,,,1000000,,,,[],NONFICTION,Jooyoung Jeong,,,,e05e353c-60c7-4253-a7da-e0da35f3cf44,2025-07-23 08:56:59.827661+00,2025-07-23 08:56:59.827661+00,"Yongjin Kwon, Hyojin Kim",The Big Short,Docuseries about investment,"Invest like a pro!
The number of individuals investing in stocks is growing daily. But for every brilliant success story, there are countless failures. It isn't easy for small investors to succeed in the ruthless world of stock trading. Still, it isn't impossible — if you can just think like a quant!",COMPLETED,19,DOC SERIES,FUN,ADULTS 18-34,MANTA/RIDI
8cc0f5c8-6222-4716-9f14-941b902b90ef,,The Flower of Veneration,,,3000000,,,,[],ROMANCE,sayosae,,,,e05e353c-60c7-4253-a7da-e0da35f3cf44,2025-07-23 08:56:59.827661+00,2025-07-23 08:56:59.827661+00,"AB, MAGMA",House of the Dragon,Lady of Vengeance and the returned Prince,"Cecylia Saryan, liege to the order of Hearthtread and heir to the Dukedom after her father's sudden death, discovers a young boy hidden in his legacy — the Crown Prince Ethan, thought to have drowned 5 years ago. Will Cecylia be able to keep her House intact while helping Ethan reclaim his throne?",COMPLETED,50,DRAMA SERIES,EPIC,ADULTS 18-34,MANTA/RIDI
8d6f99c1-8816-4221-81e4-4e1dea3f30d9,,"Go, Haechi, Go!",,,1000000,,,,[],KIDS,Yushin Kim,,,,e05e353c-60c7-4253-a7da-e0da35f3cf44,2025-07-23 08:56:59.827661+00,2025-07-23 08:56:59.827661+00,Yushin Kim,Bluey,K-Content for kids,"Follow Haechi's royal adventure!
Legendary creature Haechi lives in Gyeongbokgung Palace. Endearingly round and soft, he has oodles of affection for everyone he meets. What kind of mischief will he get up to today? And what joy will he bring to the ladies of the palace? Follow Haechi's high jinks as he brightens everyone's day!",COMPLETED,12,,PLAYFUL,KIDS 3-8,MANTA/RIDI
903a1baf-018e-46f2-b01a-6c6efa6627f9,,Punch Drunk Love,,,1000000,,,,[],LGBTQ+,Okdong,,,,e05e353c-60c7-4253-a7da-e0da35f3cf44,2025-07-23 08:56:59.827661+00,2025-07-23 08:56:59.827661+00,MOSCARETO,"Red, White and Royal Blue, Two Weeks Notice",Love is like a punch to the face.,"Sunwoo is a perfectly ordinary guy with a perfectly ordinary life. So it's no wonder he's enamored by his coworker Taemoon. The guy's handsome, charming, and a total ten! But when Sunwoo catches a glimpse of his crush's texts one day, he realizes that their days at work will be anything but ordinary.",ONGOING,18,DRAMA SERIES,PLAYFUL,ADULTS 18-34,MANTA/RIDI
982b733b-d7cf-4973-9a9d-c142d3510c1c,,"Juliet, We're Not in Kansas Anymore!",,,1000000,,,,[],HIGH CONCEPT,Leeho,,,,e05e353c-60c7-4253-a7da-e0da35f3cf44,2025-07-23 08:56:59.827661+00,2025-07-23 10:56:58.465065+00,"Heen-doyo, Leeho",The Kissing Booth,The course of true love never did run smooth – especially for a high school girl with the tragically romantic name of Juliet!,"As far as high school junior Juliet Holiday is concerned, her real tragedy is sharing a name with such a famous character. Then along comes a charming British transfer student named none other than Romeo. Did fate lead him to this small Kansas town? Pray tell, who's the real Romeo in Juliet's story?",ONGOING,35,YA ROM-COM,EXCITING,ADULTS 16-34,MANTA/RIDI
98d5f521-7d17-4dc2-a27d-8dadb6e5a215,,I Lived in a Shelter,,,1000000,,,,[],DRAMA,Haram,,,,e05e353c-60c7-4253-a7da-e0da35f3cf44,2025-07-23 08:56:59.827661+00,2025-07-23 08:56:59.827661+00,Haram,Where the Day Takes You,A heartfelt story about an important social issue,"The journey of overcoming abuse.
Haram is running away from home for the third time. After struggling with life in a dormitory, she's decided to stay at a shelter for homeless adolescents. Haram is worried about living with others while managing her depression and trauma... but she's determined to find happiness.",COMPLETED,48,FEATURE FILM,INSPIRING,ADULTS 18-34,MANTA/RIDI
99723d35-b5fb-4d86-96be-cbf726edcdd6,,You Get Me Going,,,1000000,,,,[],LGBTQ+,Oh DoYeon,,,,e05e353c-60c7-4253-a7da-e0da35f3cf44,2025-07-23 08:56:59.827661+00,2025-07-23 08:56:59.827661+00,MOSCARETO,An LGBTQ+ version of A Business Proposal,A spritely LGBTQ+ workplace romance!,"Youngwon yearns for true love, but his overbearing nature always leads to failed relationships. Lately, he finds himself clashing with his polar opposite, Hyunwoo, at work. However, things heat up when they go on a business trip together. Will these sparks of enmity turn to love?",ONGOING,15,COMEDY FEATURE,PLAYFUL,ADULTS 18-34,MANTA/RIDI
9b75c837-a3e0-4dc6-8517-ff15da83428a,,The Secret of Umbra,,,1000000,,,,[],LGBTQ+,Jamsino,,,,e05e353c-60c7-4253-a7da-e0da35f3cf44,2025-07-23 08:56:59.827661+00,2025-07-23 08:56:59.827661+00,Jamsino,"Heartstopper, Outer Banks","An impressive blend of mystery, romance and supernatural elements
An intriguing setting that adds atmosphere and international appeal","When Gabriele is forced to move away from his city life to a rural town in Italy, he is determined to hate everything about Umbra. The town's so old, and everyone his age looks miserable. He's never gonna adjust, and he's gonna miss his big city life. Except, there's a mystery here — one of love.",COMPLETED,52,DRAMA SERIES,EERIE,ADULTS 18-34,MANTA/RIDI
9d5bcf69-4dac-4c19-a1bb-cdc85a3b9b3d,,Let's Get You Better,,,1000000,,,,[],ROMANTIC THRILLER,Haerong,,,,e05e353c-60c7-4253-a7da-e0da35f3cf44,2025-07-23 08:56:59.827661+00,2025-07-23 08:56:59.827661+00,"Song Eun Ho, null",Sweet November,A strange love story,"A hot guy appears with drugs?!
Plagued by health issues, Boni Min is basically a walking hospital. Then, one day a mysterious guy appears. He moves in, gives her medicine, and explains them all to her. Turns out the information is quite useful! Soon enough, Boni finds herself falling for his cold-but-warm-hearted charms...",COMPLETED,16,DRAMA SERIES,SUSPENSEFUL,ADULTS 18-34,MANTA/RIDI
9f8b4455-50e2-4310-97e5-581846ebf401,,The Devil and His Sacrifice,,,2000000,,,,[],ROMANCE,ULTRAMEDIA,,,,e05e353c-60c7-4253-a7da-e0da35f3cf44,2025-07-23 08:56:59.827661+00,2025-07-23 08:56:59.827661+00,"Kimpa, ULTRAMEDIA",The King & I,Can love bloom in a wasteland?,"A captive princess doomed to become a living sacrifice, and a savage, murderous prince intent on overtaking his three older brothers and seizing the throne. Caught up in a deadly dance with destiny in a brutal, drought-stricken desert, can they overcome their grim fates… and perhaps, find love?",ONGOING,42,DRAMA SERIES,EPIC,ADULTS 18-34,MANTA/RIDI
a51ba8cc-1234-4804-8c61-61084f7830a1,,Werewolves Going Crazy Over Me,,,2000000,,,,[],SUPERNATURAL,Manta Comics,,,,e05e353c-60c7-4253-a7da-e0da35f3cf44,2025-07-23 08:56:59.827661+00,2025-07-23 11:00:01.848497+00,Manta Comics,Vampire Diaries,A medical drama mixed with a supernatural soap – a truly original idea,"A dangerous love affair with a werewolf.
Single mother Olivia finds Damian dying on the streets and takes him home. Before long, the two are sharing a passionate kiss. Damian soon realizes the side effects of the drug suppressing his werewolf instincts vanish when he is with her. Now he must find a way to keep her around, no matter the cost.",ONGOING,23,DRAMA SERIES,EXCITING,ADULTS 18-34,MANTA/RIDI
a60068f9-c7e1-4a90-bedf-6916e37c8dc9,,blank,,,1000000,,,,[],THRILLER,lins,,,,e05e353c-60c7-4253-a7da-e0da35f3cf44,2025-07-23 08:56:59.827661+00,2025-07-23 10:19:49.835366+00,lins,Memento,"A great, grounded high concept erotic thriller","Is this my second chance at life?
After waking up from a 3-month coma, Nina doesn’t remember anything about herself. The only clue she has is a music box with her name written on it. 
Gradually, fragments of her memories come back to her. Among them is a memory of a guy who gave her the mysterious music box. Who is he? Is he the key to recovering Nina’s missing memories – and the secret about the assault that nearly took her life?",ONGOING,35,FEATURE FILM,SUSPENSEFUL,ADULTS 18-34,MANTA/RIDI
a70c08d1-54b5-4361-a715-b96dac5cfb78,,The Redemption of Earl Nottingham,,,1000000,,,,[],ROMANCE,Manta Comics,,,,e05e353c-60c7-4253-a7da-e0da35f3cf44,2025-07-23 08:56:59.827661+00,2025-07-23 10:59:22.006898+00,boem1800,Pride and Prejudice,Is Madelyn's cursed husband's fate up to her?,"Madelyn's husband Ian was left broken after the war, and in turn, made her life a living hell. Fleeing her doomed marriage, she meets a tragic end. But when she opens her eyes, she finds herself at 17 again. The war has yet to start, and Madelyn can still change her fate. But what about Ian?",ONGOING,9,DRAMA SERIES,MAGICAL,ADULTS 18-34,MANTA/RIDI
a8ef68ad-7836-4104-8318-3ecb6363d112,,Princess of the Animals,,,5000000,,,,[],ROMANCE,Manta Comics,,,,e05e353c-60c7-4253-a7da-e0da35f3cf44,2025-07-23 08:56:59.827661+00,2025-07-23 08:56:59.827661+00,Rayoon,Snow White,One of the top webcomic titles in Japan (on the Piccoma platform),"Though Elise is forced to live in isolation, she doesn't feel alone thanks to her ability to communicate with animals. That is until she's sent off to marry the ruler of what's known as the Land of the Barbarians! What adventures, and dangers, await Elise in this strange, new world?",ONGOING,54,DRAMA SERIES,EXCITING,ADULTS 18-34,MANTA/RIDI
aa903452-ca95-49d0-895e-94d57465409b,,Women's Soccer,,,1000000,,,,[],COMEDY,Gabi Nam,,,,e05e353c-60c7-4253-a7da-e0da35f3cf44,2025-07-23 08:56:59.827661+00,2025-07-23 08:56:59.827661+00,"Honbi Kim, Gabi Nam",Bend It Like Beckham,Girlpower and soccer for the win!,"The power of women playing soccer.
Eonam is unexpectedly invited to join the local women's soccer team. With bad group experiences in the past, she isn't sure if soccer is for her. But after that first kick of the ball and getting to know the other women on the team, Eonam's life begins to change for the better.",COMPLETED,16,COMEDY SERIES,INSPIRATIONAL,ADULTS 18-34,MANTA/RIDI
ad580bb2-d3a7-4d80-af6d-faa84509d56c,,Reunion,,,1000000,,,,[],LGBTQ+,Deulsum,,,,e05e353c-60c7-4253-a7da-e0da35f3cf44,2025-07-23 08:56:59.827661+00,2025-07-23 08:56:59.827661+00,2coin,"Heartstopper, Just One of the Guys","Secret Identity
Aspirational","Struggling to pay his mother's hospital bills, Hakyung receives an offer: the fees will be taken care of. The catch? In exchange, he must pretend to be a girl he once knew in order to deceive the chairman of a powerful company. It's going well until Yoonsung, the chairman's grandson, appears...",ONGOING,51,DRAMA SERIES,ROMANTIC,ADULTS 18-34,MANTA/RIDI
ad9144b9-3d2b-442e-8c7a-16c0785dd6c9,,"Being Me, Being You",,,1000000,,,,[],DRAMEDY,Chanhoo,,,,e05e353c-60c7-4253-a7da-e0da35f3cf44,2025-07-23 08:56:59.827661+00,2025-07-23 08:56:59.827661+00,"Jun Mee Kyung, Chanhoo",The Worst Person in the World or Shrinking,A story of self-discovery,"I'm learning to love myself.
Hyeonjung, a physiotherapist, dreams of drawing comics despite her family constantly putting her down. Her boyfriend Seulgi is a successful cartoonist, but he can't stand it when he finds himself in a rut while Hyeonjung matures and evolves. The two find themselves on the way to splitting up...",COMPLETED,15,FEATURE OR SERIES,WITTY,ADULTS 18-34,MANTA/RIDI
ae42277b-edd5-4cc7-b4b0-e6e976276c30,,Duchess Crow,,,5000000,,,,[],ROMANCE,Sbread,,,,e05e353c-60c7-4253-a7da-e0da35f3cf44,2025-07-23 08:56:59.827661+00,2025-07-23 08:56:59.827661+00,Bittoru,The Taming of the Shrew,An empowered female lead,"Could love bedazzle like a gem?
For Melisa, the best gemologist in Annabel, no love can outshine a gem. She'd rather remain single and devoted to her career! But just when she thinks she has it all figured out, Duke Lewis Winterfelt, the most eligible bachelor in all the kingdom, asks for her hand in marriage — through a contract!",ONGOING,60,DRAMA SERIES,EXCITING,ADULTS 18-34,MANTA/RIDI
b14964ed-091c-481c-a1b0-cdd3e30c36cd,,"My Sweet Enemy, Thy Name is Husband",,,1000000,,,,[],ROMANCE,Manta Comics,,,,e05e353c-60c7-4253-a7da-e0da35f3cf44,2025-07-23 08:56:59.827661+00,2025-07-23 08:56:59.827661+00,Slope,Queen Margot,The ultimate enemies-to-lovers romance,"My husband, my nemesis. Till death do us part.
Canach Riadon — a slave who rose to emperor and the man I wed in my first life. Yet our ill-fated marriage left my family murdered and my homeland destroyed at his hands. Now given a second chance, I vow to succeed in this political marriage and save all I love... Or will his love save me first?",ONGOING,34,DRAMA SERIES,EXCITING,ADULTS 18-34,MANTA/RIDI
b61218e3-1015-48f1-addb-d2bf2eba9ffd,,"My Husband,",,,10000000,,,,[],ROMANCE,WOOSA,,,,e05e353c-60c7-4253-a7da-e0da35f3cf44,2025-07-23 08:56:59.827661+00,2025-07-23 08:56:59.827661+00,"Muso, Pistachio",Revenge,YouTube Trailer,"“I taste her on your lips.”
On the night of our fourth wedding anniversary, I witnessed my husband having an affair. ""I love you,"" he told my twin sister as he laid on top of her. This can't just end easily with a divorce. No, I'll make them pay for this.",COMPLETED,70,DRAMA SERIES,EXCITING,ADULTS 18-34,MANTA/RIDI
b639c2ef-7f99-457b-b9ed-96bc33d0b0be,,Bongchon Bride,,,10000000,,,,[],PERIOD,Sohn Gaepi,,,,e05e353c-60c7-4253-a7da-e0da35f3cf44,2025-07-23 08:56:59.827661+00,2025-07-23 08:56:59.827661+00,Sohn Gaepi,Pretty Woman,An unlikely love story,"He bought me for 50 sacks of rice.
Soongap is nearly beaten to death by his master when friendly giant Bongchun buys him and saves his life. Bongchun's blind mother is delighted, believing her son has finally brought home a bride. And the more Bongchun treats Soongap like his darling bride, the more things get heated...",ONGOING,86,DRAMA SERIES,EXCITING,ADULTS 18-34,MANTA/RIDI
b722167e-3413-475a-a8d4-e7b48d2a0ae1,,Mokrin,,,5000000,,,,[],HISTORICAL,Manta Comics,,,,e05e353c-60c7-4253-a7da-e0da35f3cf44,2025-07-23 08:56:59.827661+00,2025-07-23 08:56:59.827661+00,Gyeoma,"Beauty and the Beast, Pocahontas",A wonderful island world to explore through a romantic epic,"Can love transcend all boundaries?
The 200-year long peace in Mokrin's island tribe is broken when the warlike Gyui-heols arrive to demand open borders. What's more, Eonyeong, the son of their chieftess, falls hopelessly in love with Mokrin. Now it's up to her — will she spurn his affection or marry him for the sake of her people?",COMPLETED,41,DRAMA SERIES,EXCITING,ADULTS 18-34,MANTA/RIDI
ba51fb4f-b828-4c79-b6c1-2d08d77bd8db,,When Fate Finds Us,,,2000000,,,,[],ROMANCE,Manta Comics,,,,e05e353c-60c7-4253-a7da-e0da35f3cf44,2025-07-23 08:56:59.827661+00,2025-07-23 08:56:59.827661+00,Manta Comics,The Princess Bride,A fantasy epic of twisted fates and forbidden love.,"As a prophetess, Noemi can see the futures of those she touches. Yet sadly, as the wife of a god, she sees only death in her own fateful future. But then, a sudden kiss with an unruly merchant brings a vision of life. Could he be Noemi's key to survival? Or will she be unable to escape her destiny?",ONGOING,25,DRAMA SERIES,EPIC,ADULTS 18-34,MANTA/RIDI
bb0767b3-75e8-40be-9416-adbf272d14ed,,"Shall We Bathe, Your Grace?",,,1000000,,,,[],ROMANCE,Manta Comics,,,,e05e353c-60c7-4253-a7da-e0da35f3cf44,2025-07-23 08:56:59.827661+00,2025-07-23 10:58:01.395687+00,Nokan,Monte Python and the Holy Grail,"Hilarious spoof of fairytale stories, asking the obvious question – what must all of those bath-adverse royals smell like?","Marry me, and we can bathe twice a day!
Unwashed hair, dirty fingernails, and the sickening stench of body odor mixed with perfume! Nadia is horrified to wake up in a romance fantasy novel where bathing is abhorred. Her only hope lies in Duke Cartane, the one man who doesn't stink. Will he help her get her squeaky-clean happy ending?",ONGOING,21,DRAMA SERIES,EXCITING,ADULTS 18-34,MANTA/RIDI
bb5e23eb-68c5-432a-8608-00bfe73b52ca,,Trophy Husband,,,1000000,,,,[],ROMANCE,Manta Comics,,,,e05e353c-60c7-4253-a7da-e0da35f3cf44,2025-07-23 08:56:59.827661+00,2025-07-23 08:56:59.827661+00,Manta Comics,Rapunzel,An empowered female lead finds her perfect himbo,"Let me be your trophy.
With her wealth, status, and godlike strength, Duke Serena has it all — everything but her heart, that is. Enter Ricardo, a charming prince who claims to know its whereabouts and proposes an alliance that would benefit them both. Is this mysterious suitor really the key to regaining her lost heart?",ONGOING,29,DRAMA SERIES,EXCITING,ADULTS 18-34,MANTA/RIDI
becfe6a2-cb60-4f50-ac0c-348caefc3ea2,,Reborn as the Enemy Prince,,,1000000,,,,[],ACTION,Manta Comics,,,,e05e353c-60c7-4253-a7da-e0da35f3cf44,2025-07-23 08:56:59.827661+00,2025-07-23 10:57:43.420605+00,Ja Seo Hyeon,A fantasy version of Donnie Darko,REMOVE Imagine being kin to your sworn enemy.,"Killed in battle while defending his country, Bern wakes up in the body of the enemy prince, Kalian, with a unique opportunity to prevent an upcoming war. But between taming an abusive half-brother and surviving his mother's deadly web of intrigue, sweet revenge seems to slip further beyond his grasp at every turn.",ONGOING,30,DRAMA SERIES,EXCITING,ADULTS 18-34,MANTA/RIDI
c133eca3-6e1a-442b-8ea9-eaf490c7264a,,The Accidental Heiress,,,5000000,,,,[],ROMANCE,Doggo,,,,e05e353c-60c7-4253-a7da-e0da35f3cf44,2025-07-23 08:56:59.827661+00,2025-07-23 08:56:59.827661+00,"Supia, Doggo",You Got Mail,Rivals becomes lovers as they fight over an inheritance,"May the best heir win!
Florist Riella never meant to catch the attention of Duchess Horssen with her shining flowers, and she certainly didn't mean to inherit her entire fortune! So when the enraged Grand Duke Hann appears before her to claim possession of the inheritance, what is she to do? Can she defend her newfound title?",ONGOING,40,DRAMA SERIES,EXCITING,ADULTS 18-34,MANTA/RIDI
c207064f-9ce6-4fa0-bc32-eb707d93e519,,I Can See Your Stats!,,,1000000,,,,[],PERIOD,Manta Comics,,,,e05e353c-60c7-4253-a7da-e0da35f3cf44,2025-07-23 08:56:59.827661+00,2025-07-23 08:56:59.827661+00,CarpeXD,Ready Player One,"An estate to manage, a lover to tame.","Following the gruesome death of his family, mage Eyra inherits the Solath Estate and becomes a lord overnight, only to discover that he can suddenly see the stats of everyone he meets. Enter Yanu, a dashing jack-of-all-trades who seems hell-bent on distracting him from his newfound duties...",ONGOING,23,DRAMA SERIES,EXCITING,ADULTS 18-34,MANTA/RIDI
c245dbcf-f69d-4c83-ae18-1562b0b62c0e,,NPCs Can Save,,,1000000,,,,[],LGBTQ+,Poppypari,,,,e05e353c-60c7-4253-a7da-e0da35f3cf44,2025-07-23 08:56:59.827661+00,2025-07-23 08:56:59.827661+00,Poppypari,Peripheral,Tutorial NPC here to save the day!,"We've all read those stories—the protagonist has a terrible accident but then comes back as a key character in a fantasy novel— and so has Lucian. Imagine his surprise when he gets into one then is reincarnated in a fantasy game he's played as... an NPC! He's supposed to change the fates, but how?!",ONGOING,92,DRAMA SERIES,EXCITING,ADULTS 18-34,MANTA/RIDI
c756ba54-94ee-4d5c-b435-d88e0178243c,,Rewriting My Tragic Ending,,,1000000,,,,[],ROMANCE,Manta Comics,,,,e05e353c-60c7-4253-a7da-e0da35f3cf44,2025-07-23 08:56:59.827661+00,2025-07-23 08:56:59.827661+00,Manta Comics,Anastasia,A take-charge female protagonist in an exciting fantasy world.,"Alicia Melfont vows to restore the former glory of her house after the Dark God's agent massacres her family. But when a mysterious book reveals that she's only a supporting character meant to die for the true protagonist of the story, Alicia decides she won't let some silly book determine her fate.",ONGOING,26,DRAMA SERIES,DRAMATIC,ADULTS 18-34,MANTA/RIDI
cb5f1dc0-e314-4f88-88cc-ea3a0a48464f,,Kneel Before Me,,,5000000,,,,[],ROMANCE,Sosoo,,,,e05e353c-60c7-4253-a7da-e0da35f3cf44,2025-07-23 08:56:59.827661+00,2025-07-23 08:56:59.827661+00,"Gyeonwoo, Sosoo",Anastasia,An epic fantasy with unique worldbuilding,"In the storm sleeps a giant...
When the unfaithful crown prince calls off their marriage, Lady Kyrie is exiled to a remote cottage. On the way, she discovers a hidden village while avoiding a snowstorm. It's there ""the end"" is awakened... and it's starting to become obsessed with her.",ONGOING,55,DRAMA SERIES,EXCITING,ADULTS 18-34,MANTA/RIDI
cc11ae59-06f8-4da6-8588-5ec38b290ca1,,Stone House on Jeju Island,,,1000000,,,,[],ROMANTIC,Ninyoung,,,,e05e353c-60c7-4253-a7da-e0da35f3cf44,2025-07-23 08:56:59.827661+00,2025-07-23 08:56:59.827661+00,Brenda Paik Sunoo & Summer Yang,Mama Mia!,A romantic romp in an inspiring place,"Come heal and find love in Jeju!
3rd-generation Korean-American Brenda falls in love with Jeju Island while researching its female divers. She decides to take the plunge and move to the island with her husband. There, she dives deep into Jeju's history and culture while healing, growing, and building friendships along the way.",COMPLETED,10,FEATURE FILM,ROM-COM,ADULTS 18-34,MANTA/RIDI
d03ef291-f10c-44c2-a9a4-4426cb5a6319,,Bittersweet Con Panna,,,1000000,,,,[],LGBTQ+,"Hobaen, Sohn Gaepi",,,,e05e353c-60c7-4253-a7da-e0da35f3cf44,2025-07-23 08:56:59.827661+00,2025-07-23 08:56:59.827661+00,"Hobaen, Sohn Gaepi",The Incredibly True Adventure of Two Girls in Love,A sweet lesbian romance,"I'm not clingy... I'm just in love!
Graduate student Songah thinks her girlfriend Yoosung is the cutest girl in the world. It doesn't matter if she's actually more sophisticated than adorable; Yoosung is number one in her heart! So how is she supposed to react when some hot childhood friend suddenly enters the mix?!",ONGOING,35,FEATURE FILM,ROM-COM,ADULTS 18-34,MANTA/RIDI
d4f9bc03-1c57-41ab-9162-fdbf15df9e91,,Science Tikitaka,,,1000000,,,,[],NONFICTION,BAEM,,,,e05e353c-60c7-4253-a7da-e0da35f3cf44,2025-07-23 08:56:59.827661+00,2025-07-23 08:56:59.827661+00,"Ohoo, Mooseon","Bill Nye, The Science Guy","Fun, visual, accessible science show","Everyday science made fun!
Think science is boring or intimidating? Think again! Learn about how nitrogen revolutionized global food production, how plastic started with a billiard ball before taking over the world, the hackers who created the information age, and more!",COMPLETED,25,DOC SERIES,FUN,ADULTS 18-34,MANTA/RIDI
d58e47b6-cf3e-43cf-8c91-c52f6f9d4ab6,,"Miss You, Lucifer",,,1000000,,,,[],LGBTQ+,Okdong,,,,e05e353c-60c7-4253-a7da-e0da35f3cf44,2025-07-23 08:56:59.827661+00,2025-07-23 08:56:59.827661+00,Moscareto,"Notting Hill, Heartstopper, Call Me By Your Name",A gay romp that dives into the vagaries of fame.,"An A-list star has a crush.. on me?
Lucifer, a member of the obscure idol group Sweet Devils, dreams of making it big. His one claim to fame — an accidental pants-ripping on air — leads to a chance encounter with A-list star Kwonjun Kang. Turns out, Kwonjun has been harboring an intense crush on Lucifer. What will happen when an unexpected one-night stand leads to an ambiguous romance? How will this A-list star and D-list idol navigate their relationship?",COMPLETED,22,DRAMA SERIES,ROM-COM,ADULTS 18-34,MANTA/RIDI
d9ca7295-628e-4bb2-ab9c-b4f87461405a,,Even If...,,,1000000,,,,[],THRILLER,Jang Hyun,,,,e05e353c-60c7-4253-a7da-e0da35f3cf44,2025-07-23 08:56:59.827661+00,2025-07-23 08:56:59.827661+00,Jang Hyun,Eastern Promises,"He’s using her to kill her brother (because her brother’s actions led to the death of his sister). It’s a callous lie… until it turns to love. Truly one of the most compelling, dynamic soapy crime thrillers.","Woohyun lives life on autopilot as a high-ranking member of a crime syndicate. But all that changes when his sister, conned by her boyfriend, commits suicide. Wanting revenge, Woohyun targets the boyfriend's sister, Yoohwa. But as their lives collide, she slowly weakens his resolve... and his heart.",ONGOING,49,DRAMA SERIES,SUSPENSEFUL,ADULTS 18-34,MANTA/RIDI
dcd7e33a-9f38-4195-ab76-81e7008469fe,,The Summer of Penguins,,,1000000,,,,[],DRAMA,"Won Young Lee,  Ahyoung Woo",,,,e05e353c-60c7-4253-a7da-e0da35f3cf44,2025-07-23 08:56:59.827661+00,2025-07-23 08:56:59.827661+00,"Heejun Yoo,  Dabhin Yu",127 Hours,Nature adventure and survivalist thriller,"Animal behaviorist Hyunwoo's love for penguins drives him all the way over to Antarctica. Once there, however, he encounters a series of mishaps and soon discovers that surviving in the harsh cold is no easy feat. Will Hyunwoo be able to conduct his research and return to Korea in one piece?",COMPLETED,13,FEATURE FILM,ADVENTURE,ADULTS 18-34,MANTA/RIDI
e303fd03-53ab-4402-893c-df7d96bdb19b,,The Golden Light of Dawn,,,5000000,,,,[],ROMANCE,Manta Comics,,,,e05e353c-60c7-4253-a7da-e0da35f3cf44,2025-07-23 08:56:59.827661+00,2025-07-23 08:56:59.827661+00,Seolon Han,"Lone Wolf & Cub, Game of Thrones",A unique story of a tough female guardian and a chosen one,"You're still precious to me.
After losing her family in a demon attack, Rosha is reborn as the 777th most powerful magic knight in the Golden Dawn Society. To avenge her family, she trains hard and rises through the ranks against the odds. Then, she is tasked with protecting little Joshua, who is said to be the Child of God...",ONGOING,62,DRAMA SERIES,EXCITING,ADULTS 18-34,MANTA/RIDI
e39d4a5c-be53-473f-92ba-e81f43bf1d1c,,Fry My Life,,,1000000,,,,[],COMEDY,Kkingkkang,,,,e05e353c-60c7-4253-a7da-e0da35f3cf44,2025-07-23 08:56:59.827661+00,2025-07-23 08:56:59.827661+00,Duwon Lim & Bohyun Kim,Superstore,A workplace comedy with a fun conspiratorial engine,"To fry or not to fry, that is the question!
After an innocent favor blows up in his face, Hachan is desperate to start afresh. His last remaining hope is to infiltrate a mysterious fried food shop to reveal its secret, which will guarantee him a job as a reporter. But his investigation soon takes him down a completely unexpected path...",COMPLETED,12,COMEDY SERIES,WACKY,ADULTS 18-34,MANTA/RIDI
ea3bcb6b-071f-44ab-80bd-fde3c261f6b6,,Call Me Master,,,2000000,,,,[],ROMANCE,Manta Comics,,,,e05e353c-60c7-4253-a7da-e0da35f3cf44,2025-07-23 08:56:59.827661+00,2025-07-23 08:56:59.827661+00,Manta Comics,Daenerys & Khal Drogo in Game of Thrones,Memory loss and power dynamics add spice to this romance fantasy.,"If anyone discovers that slave master Ananse has lost her memory, she will be killed. So to save herself, she ropes in Solteo, a slave who hates her beyond compare. Her proposal? ""Help me uphold my old image, and you'll be freed."" His reply? ""I'll make you regret ever requesting that, my master.""",ONGOING,19,DRAMA SERIES,THRILLING,ADULTS 18-34,MANTA/RIDI
eef8a76c-7b45-4bf4-8ae8-f19a41620118,,Cold-Blooded Beast,,,1000000,,,,[],LGBTQ+,10min,,,,e05e353c-60c7-4253-a7da-e0da35f3cf44,2025-07-23 08:56:59.827661+00,2025-07-23 08:56:59.827661+00,10min,"Cloud Atlas, Splash",A supernatural thriller with LGBTQ+ leads.,"A human and a beast living under one roof.
Chaewool's heart shatters after the death of his boss, Chaehun, whom he had long admired in secret. But soon after, Chaehun returns. Does that mean he's alive? Something is amiss... The perfect facade of the boss Chaewool knew remains intact, but who is this cold, serpentine beast lurking within?",ONGOING,31,DRAMA SERIES,EXCITING,ADULTS 18-34,MANTA/RIDI
f038c5c8-5dae-42f1-a550-2d22f89ac6f1,,My Second Life as an Idol,,,1000000,,,,[],GROUNDED FANTASY K-POP DRAMA,Manta Comics,,,,e05e353c-60c7-4253-a7da-e0da35f3cf44,2025-07-23 08:56:59.827661+00,2025-07-23 08:56:59.827661+00,PJ,"Star, Daisy Jones & the Six, Heaven Can Wait","With K-Pop exploding globally, this wish-fulfillment story takes audiences into the heart of K-Pop, as a washed up K-Pop “never was” dies… only to be put in the body of a younger hopeful (HEAVEN CAN WAIT style)","From failed idol to hailed idol!
Flop idol Yongmin dies an unfortunate death but is given a second chance at life in the body of Ian, a super hot rich kid with a voice to match. At his side, he finds Jin, a mysterious soul tasked with guiding Ian to becoming a certified star. But is it really all smooth sailing from here?",ONGOING,39,DRAMA SERIES,SOAPY,ADULTS 18-34,MANTA/RIDI
f0bea0b4-b909-45a4-b3df-183c0b75a731,,Your Eternal Lies,,,5000000,,,,[],ROMANCE,Kkomak,,,,e05e353c-60c7-4253-a7da-e0da35f3cf44,2025-07-23 08:56:59.827661+00,2025-07-23 08:56:59.827661+00,"Jeonhoochi, Kkomak",Dungeons & Dragons: Honor Among Thieves,"Crime, justice and intrigue in a fantasy setting","Don't believe a word she says.
Infamous jailbreaker Rosen Walker is finally being transferred to the Isle of Monte, the most notorious maximum security prison in the world. Her guard? None other than the beloved war hero of the empire himself — Ian Connor. Now he must unravel the truth. Is Rosen really a murderer? Or is there more to the story?",ONGOING,64,DRAMA SERIES,EXCITING,ADULTS 18-34,MANTA/RIDI
f30fa65e-9941-49c5-8c40-813c984393d0,,I Became a Doting Father,,,2000000,,,,[],COMEDY,Sayan,,,,e05e353c-60c7-4253-a7da-e0da35f3cf44,2025-07-23 08:56:59.827661+00,2025-07-23 08:56:59.827661+00,Kiwoo,"Party of Five, This is Us","A sweet, soapy story that appeals to younger people, based on the “what if” factor, and parents, watching our young lead struggle with parenthood","24-year-old Juwon Lee works part-time at a convenience store and lives alone in his small apartment. One day his uncle passes away and leaves behind a 4-year-old daughter, the cute little Yeondu. Instead of letting her be sent to an orphanage, Juwon steps up and decides to be her new guardian.",ONGOING,100,COMEDY SERIES,HEART-,ADULTS 18-34,MANTA/RIDI
f48c9a16-9b62-453d-bdfe-bbece3ef71f4,,Sangyang: The Wanderer,,,1000000,,,,[],LGBTQ+,Gyujik,,,,e05e353c-60c7-4253-a7da-e0da35f3cf44,2025-07-23 08:56:59.827661+00,2025-07-23 08:56:59.827661+00,Gyujik,Eastern Promises,"LGBTQ+ romance blended with crime, action and thriller elements","Someone's tattooing Xin in his sleep.
On the night of his birthday, Xin, the sole heir of the powerful Zhou family, reunites with Lau, his clan guardian, and confides in him about the mysterious tattoo forming on his back. Lau begrudgingly sets off to investigate this strange phenomenon, but what secrets will he uncover along the way?",ONGOING,14,DRAMA SERIES,THRILLER,ADULTS 18-34,MANTA/RIDI
f786a9ea-3a4f-4153-bfef-c5d4d4972830,,The Superheroes of Class F,,,1000000,,,,[],ACTION,Manta Comics,,,,e05e353c-60c7-4253-a7da-e0da35f3cf44,2025-07-23 08:56:59.827661+00,2025-07-23 08:56:59.827661+00,Manta Comics,"The Boys, School of Rock","A comedy that has fun with our obsession with superheroes 
Selected as one of the 30 titles to be presented during the Asian Contents & Film Market : Busan Story Market (Held during the week of Busan Film Festival in October)","Can’t be the superhero? Be the supervillain.
Welcome to Leaders Academy for the Superhumanly Gifted! As Korea’s most elite superhero institution, we aim to bring out the best in our students and encourage them to use their powers for the good of— Pardon? Class F, you say? Apologies, but we don't talk about Class F here.",ONGOING,15,COMEDY SERIES OR FEATURE,ACERBIC,ADULTS 18-34,MANTA/RIDI
f7ee12ef-6fd3-432d-8db7-3d62714394da,,I Wanna Be the Madam!,,,1000000,,,,[],COMEDY,Tae San,,,,e05e353c-60c7-4253-a7da-e0da35f3cf44,2025-07-23 08:56:59.827661+00,2025-07-23 08:56:59.827661+00,Tae San,Theater Camp,The lure of low-level showbiz has never been stranger!,"I'm gonna become the madam!
Failed college entrance exams leave Heera feeling hopeless. That is, until she submits her ""appeal"" to a theater troupe at a folk village, catching the attention of the troupe's leader and changing her path forever. Now, Heera strives not to go to college, but to become the troupe's madam!",COMPLETED,31,COMEDY SERIES,WILD,ADULTS 18-34,MANTA/RIDI
fb21cfd8-1f3d-4382-bfac-0ffe5f07baad,,Getting Along Just Fine,,,1000000,,,,[],COMEDY,One King,,,,e05e353c-60c7-4253-a7da-e0da35f3cf44,2025-07-23 08:56:59.827661+00,2025-07-23 08:56:59.827661+00,Sanho Park & Garden,Better Things,A mother/daughter story with heart and humor,"A single mother who makes a living translating thriller novels, a teenage daughter just a bit on the unique side, and a cat with a penchant for tube treats. We might not be the perfect family, but we're doing our best in our own way!",COMPLETED,20,COMEDY SERIES,BITTERSWEET,ADULTS 18-34,MANTA/RIDI