title,english_title,url,genre,writer,artist,original,featured,pages,characters,synopsis,story_synopsis,cover_image,link,status
"재밌니, 짝사랑",Crush on You,https://www.toons.kr/025ba267-4013-458b-82b8-2a489d848a6c,"로맨스,드라마,성장,일상",손길,손길,"- 피키툰 ‘날라리’로 데뷔한 손길 작가의 차기작 - 카카오페이지 밀리언페이지 등극 - 카카오페이지 120만 구독자 보유 - 인도네시아, 스페인-북미, 대만, 태국, 일본, 중국 연재 - 드라마 계약 완료",,10,,"- 피키툰 ‘날라리’로 데뷔한 손길 작가의 차기작 - 카카오페이지 밀리언페이지 등극 - 카카오페이지 120만 구독자 보유 - 인도네시아, 스페인-북미, 대만, 태국, 일본, 중국 연재 - 드라마 계약 완료",,https://oopy.lazyrockets.com/api/rest/cdn/image/ebb49060-f1f9-4631-8126-661c77d5fc27.png,https://page.kakao.com/home?seriesId=50744771,연재 종료
후드,,https://www.toons.kr/05da5799-4668-4e81-87ff-2aa31942e07b,"판타지,소년,액션",후렛샤,595,,,2,,,"오직 인싸가 되는 것만이 관심사인 평범한 고등학생 김혁.친구들의 관심이 너무 고파 중고거래로 얻은 후드를 입었는데, 어? 이게 뭐야??괴상한 능력이 내 몸을 감싸고, 내 몸이 공중에 떠오르며…나에게 하늘을 날 수 있는 초능력이 생겼다!!!고대신의 힘을 가진 전설의 힘 샥티가 깃든 후드를 입고K-슈퍼패션고딩히어로가 된다!!TOP",https://oopy.lazyrockets.com/api/rest/cdn/image/ebb49060-f1f9-4631-8126-661c77d5fc27.png,네이버 매일 플러스,
전 여친,ex_girlfriend,https://www.toons.kr/063e878f-ed0b-4a99-b604-36bda2e756a5,성인,도쿠하쿠,말랑,탑툰 구독자 600만,,,,탑툰 구독자 600만,,https://oopy.lazyrockets.com/api/rest/cdn/image/ebb49060-f1f9-4631-8126-661c77d5fc27.png,https://toptoon.com/comic/ep_list/ex_girlfriend_comic_fa,연재 종료
드리밍,dreaming,https://www.toons.kr/0b5147ec-a3e3-4a09-8319-21705e1160e6,"로맨스,드라마",달짱,달짱,,,,,,,https://oopy.lazyrockets.com/api/rest/cdn/image/ebb49060-f1f9-4631-8126-661c77d5fc27.png,https://series.naver.com/comic/detail.series?productNo=3155964,연재 종료
스마트폰 중독자,smartphone addict,https://www.toons.kr/0d3ff44c-8a6a-4cff-8340-00e904bf5031,"로맨스,개그,판타지,스토리,성장,일상,학원",용현동,용현동,,,,,,"성장일상학원연재 페이지https://page.kakao.com/home?seriesId=55929080글용현동그림용현동3 more properties캐릭터주다무한 가지 핸드폰을 10년째 쓰고 있는 평범하지 않은 대한민국 고등학생. 오늘만 사는 스타일로, 도도하고 솔직하며 당당한 성격이라 어딜가도 쉽게 기죽지 않는다.주둥이다무의 엄마가 다무에게 선물한 첫 핸드폰. 평소에 약간 멍한 듯 감정이 둔해 보이나 인간의 모습으로 지내는 시간이 많아질수록 점점 자아가 생겨난다.도연우얼리어답터로 핸드폰은 물론 맥북, 아이패드, 에어팟 등을 최신형 모델로 소지하고 있으며 각종 전자기기에 능통하다. 아직도 갤럭시S2를 정성을 다해 쓰고 있는 다무를 보고 호기심을 갖게 된다.시놉시스스마트폰 중독자인 주다무, 여느때와 같이 핸드폰을 손에서 놓지 않고 있는데, 체육시간에 재수없게 다무에게 날아 든 공으로 인해 핸드폰이 박살 나고야 만다.수리를 예약하고 집에서 쭈구려 앉아 슬퍼하고 있는 순간 핸드폰이 검은 남자 사람으로 변해 다무의 앞에 나타난다. 그의 존재는 무엇이며 다무의 앞에 나타난 이유는 과연 무엇일까?TOP",https://oopy.lazyrockets.com/api/rest/cdn/image/ebb49060-f1f9-4631-8126-661c77d5fc27.png,https://page.kakao.com/home?seriesId=55929080,live 연재 중
영웅 강철남,steelman,https://www.toons.kr/0d489c18-5f7f-435d-b749-bb3c64fe2efb,블랙코미디,현용민,현용민,,,,,,대한민국의 미래를 위해 청년 ‘박진감'이 '영웅 강철남'으로 재탄생해서 겪는 이야기가 펼쳐진다.,https://oopy.lazyrockets.com/api/rest/cdn/image/ebb49060-f1f9-4631-8126-661c77d5fc27.png,https://series.naver.com/comic/detail.series?productNo=5891643,연재 종료
도대체 왜?인구단,why_club,https://www.toons.kr/0da70af8-46b7-42f4-8825-624fac99d286,"일상,개그",현용민,현용민,,,,,,1980~90년대를 주름잡던 국민 만화의 주인공들이 괴상하게 돌아왔다 !,https://oopy.lazyrockets.com/api/rest/cdn/image/ebb49060-f1f9-4631-8126-661c77d5fc27.png,https://series.naver.com/comic/detail.series?productNo=5936666,연재 종료
나비인간,butterfly_girl,https://www.toons.kr/0e2aef03-3815-40e5-9267-47206e593667,드라마,현,현,"구독자 13.4만, 스페인과 북미 해외 연재",,37,,"구독자 13.4만, 스페인과 북미 해외 연재",,https://oopy.lazyrockets.com/api/rest/cdn/image/ebb49060-f1f9-4631-8126-661c77d5fc27.png,https://page.kakao.com/home?seriesId=54737612,연재 종료
날라리,Punk,https://www.toons.kr/0e8daf1d-5542-4059-b946-4b46b7253af9,"로맨스,일상,드라마,학원",손길,손길,"- 카카오페이지 구독자 70만 이상 - 카카오페이지 2018년 기준 매출 1억 달성 - 피키툰 연재 당시 요일 1위 작품 - 일본, 북미 연재",,,,"- 카카오페이지 구독자 70만 이상 - 카카오페이지 2018년 기준 매출 1억 달성 - 피키툰 연재 당시 요일 1위 작품 - 일본, 북미 연재",,https://oopy.lazyrockets.com/api/rest/cdn/image/ebb49060-f1f9-4631-8126-661c77d5fc27.png,https://page.kakao.com/home?seriesId=50391329,연재 종료
우주를 9번 건너,Cross the universe nine times.,https://www.toons.kr/0ed8dff7-b839-4c80-93b0-0eeed8516ef8,"개그,일상,판타지,성장,스토리,로맨스,학원",그냥연어,그냥연어,,,27,,,"로맨스학원연재 페이지https://series.naver.com/comic/detail.series?productNo=6136190글그냥연어그림그냥연어3 more properties캐릭터지섬옥묘운에게 신비한 힘을 받은 아이의 마지막 9번째 환생인. 신의 힘을 받은 탓에 어릴 적부터 검은 형체의 악귀들이 보인다. 중학교 때부터 태권도 유망주로 불렸으나 악귀로 인한 사고로 다리를 다치게 되었고, 그 트라우마로 운동을 접고 재활치료도 거부한다.묘운‘묘운산’의 산신으로 세상에 태어나자마자 영문도 모르는 채 몇백년 동안 산의 정기를 관리하고 영물을 돌보고 있다. 그러다 산에서 마주친 여자아이에게 호기심을 느끼게 되고 처음으로 누군가에게 받은 애정과 보살핌에 아이에게 깊게 빠져들게 된다.남재원어릴적 섬옥과 같은 체육관에 다녔고, 뛰어난 운동 신경을 가진 섬옥을 질투하면서도 동경했다. 섬옥이 귀신을 본다는 소문을 듣고 무서운 마음에 잠깐 선옥을 피해 다닌적도 있지만 선옥에게 유일한 절친한 친구이다.문 지아나이 차가 많이 나는 운동 선수 오빠 3명과 거칠게 자라온 부잣집 막내 딸로 이상형이 강한 사람이다. 어릴 적 태권도 대회에 나가 금메달을 휩쓴 섬옥을 보고 반해 몰래 섬옥을 훔쳐보며 마음에 담고 있다. 재원을 굉장히 거슬려 하며 그를 없애기 위해 무서운 계획을 짜 놓고 있다.시놉시스‘산신’ 묘운의 힘으로 인해 9번의 환생 끝에 인간으로 태어난 ‘섬옥’은 악귀에게 목숨을 위협 받게 되고, 그것을 막기 위해 수백 년 간 섬옥의 곁을 지켜온 묘운은 ‘지섬옥 무병장수 프로젝트’를 위해 섬옥이 다니는 학교의 학생으로 잠입하게 된다.섬옥이 악귀들에게 목숨을 위협 받고 있는 이유는 무엇이며 , 왜 산신 묘운은 끝까지 섬옥을 지켜내려 하는 것일까?TOP",https://oopy.lazyrockets.com/api/rest/cdn/image/ebb49060-f1f9-4631-8126-661c77d5fc27.png,https://series.naver.com/comic/detail.series?productNo=6136190,live 연재 중
운영자의 권한으로,authority_of_the_operator,https://www.toons.kr/10ebeffa-f24c-4eec-b03a-96e9f0bca96e,"소년,스릴러",리즈,시혜,카카오페이지 구독자 22.1만,,39,,카카오페이지 구독자 22.1만,,https://oopy.lazyrockets.com/api/rest/cdn/image/ebb49060-f1f9-4631-8126-661c77d5fc27.png,https://page.kakao.com/home?seriesId=57672662,live 연재 중
고양이 뚜껑,cat_ggeong,https://www.toons.kr/12828e78-e121-4043-b3bc-3088ba473a74,"일상,동물",이백,황짠느,,,,,,고양이와 사람이 함께 동고동락하면서 일어나는 리얼 집사 이야기,https://oopy.lazyrockets.com/api/rest/cdn/image/ebb49060-f1f9-4631-8126-661c77d5fc27.png,https://page.kakao.com/home?seriesId=50914223,연재 종료
주작학원,,https://www.toons.kr/1496cd18-9693-40a4-b431-fdc29c67ca36,"드라마,학원,액션",후렛샤,웨이브,CJ ENM 인스타그램 홍보 - CJ ENM Official - CJ ENM ent - CJ ENM movie,CJ ENM,2,,CJ ENM 인스타그램 홍보 - CJ ENM Official - CJ ENM ent - CJ ENM movie,"기득권층들의 파렴치한 비리들을 주작하여 사회적약자들에게 억울한 누명을 씌우는 일명 '조각사업', 진영이의 소박하고도 화목한 가정은 그 타겟이 되면서 삶이 주작당한다.그러나 진영이에게는 차선책이 있다. 주작은 주작으로, 진영과 친구들은 반격을 개시한다.TOP",https://oopy.lazyrockets.com/api/rest/cdn/image/ebb49060-f1f9-4631-8126-661c77d5fc27.png,카카오페이지 카카오웹툰,
겨우내,Throughout the winter,https://www.toons.kr/1649465c-b585-4b86-8e09-a130d070a7b1,"BL,스릴러",사해,벌래,,,,,,,https://oopy.lazyrockets.com/api/rest/cdn/image/ebb49060-f1f9-4631-8126-661c77d5fc27.png,https://www.bomtoon.com/comic/ep_list/gyeounae/?p_id=gk609&gclid=CjwKCAiAyPyQBhB6EiwAFUuakiJf4c8A4cGTxazrjBWY0Iku9p1UoF5NFlV4NsZyMFLnSLixHWuqFhoCp28QAvD_BwE,연재 종료
무능한 아빠는 외계인,my_alien_dad,https://www.toons.kr/184516bd-a31a-4c08-b43a-aadd22811877,"드라마,성장",이태하,이태하,,,,,,https://s3-us-west-2.amazonaws.com/secure.notion-static.com/7dc54157-621c-4e7c-8787-9e302e921e8b/주인공_얼굴_이거로.jpg,https://oopy.lazyrockets.com/api/rest/cdn/image/ebb49060-f1f9-4631-8126-661c77d5fc27.png,https://page.kakao.com/home?seriesId=54245289,연재 종료
우당탕탕 따식이,,https://www.toons.kr/1915b0c6-e045-4e6f-9ec0-f685cf60c967,"개그,소년,블랙코미디,병맛",,현용민,,"이상신, 국중록",2,,,,https://oopy.lazyrockets.com/api/rest/cdn/image/ebb49060-f1f9-4631-8126-661c77d5fc27.png,https://page.kakao.com/content/61440167,
날 만나러 가요,findingme,https://www.toons.kr/19655ce5-9577-4aa6-ae9e-4ecb40265705,"힐링,여행",포동,포동,,,,,,소심하고 수동적인 여자주인공 '포동' 은 회사를 그만두고 난 후 예전부터 마음 속으로만 생각했었던 여행을 계획한다.,https://oopy.lazyrockets.com/api/rest/cdn/image/ebb49060-f1f9-4631-8126-661c77d5fc27.png,,연재 종료
텍미하이(Take me high),Never Mind Darling,https://www.toons.kr/1b2c7a4b-c718-8028-82b5-cd642b47047d,"BL,캠퍼스",이룩,이룩,,,0.3,,,,https://oopy.lazyrockets.com/api/rest/cdn/image/ebb49060-f1f9-4631-8126-661c77d5fc27.png,리디북스 : 바로가기,save for 연재시작
네임펜으로 그린 그림,namepen_toon,https://www.toons.kr/1b815c0b-f593-4bc5-8a50-351dbc41604f,"공감,일상",홍승우,홍승우,,,,,,"모든 주인공이 귀여운 동물, 그 중 커플을 담당하는 토끼 우기와 거북이 부기가 보여주는 공감 이야기",https://oopy.lazyrockets.com/api/rest/cdn/image/ebb49060-f1f9-4631-8126-661c77d5fc27.png,,연재 종료
전처와의 동거,ex_wife,https://www.toons.kr/1d1b6a97-1cb0-4e2c-b820-d566f08e1990,성인,이대팔,검은토끼,탑툰 구독자 300만,,,,탑툰 구독자 300만,,https://oopy.lazyrockets.com/api/rest/cdn/image/ebb49060-f1f9-4631-8126-661c77d5fc27.png,https://toptoon.com/comic/ep_list/ex_wife/?p_id=adp66&_code=3336061,연재 종료
사랑에 번역앱이 필요한가요?,love_translrator,https://www.toons.kr/21e9c5e2-5d00-45e5-8b50-37ef9513d488,로맨스,휘요,휘요,카카오페이지 구독자 11만,,34,,카카오페이지 구독자 11만,,https://oopy.lazyrockets.com/api/rest/cdn/image/ebb49060-f1f9-4631-8126-661c77d5fc27.png,https://page.kakao.com/home?seriesId=54100540,live 연재 중
나쁘니까 더,Becoming_Bad,https://www.toons.kr/21ea873d-d7a5-4317-8959-6df1379da3dd,"노블코믹스,로맨스",나야(원작),해린,나야 작가 원작 로맨스 웹소설,https://ridibooks.com/books/1623001113?_s=search&_q=나쁘니까&_rdt_sid=search&_rdt_idx=1,,,나야 작가 원작 로맨스 웹소설,,https://oopy.lazyrockets.com/api/rest/cdn/image/ebb49060-f1f9-4631-8126-661c77d5fc27.png,https://ridibooks.com/books/3097000702?_s=search&_q=%EB%82%98%EC%81%98%EB%8B%88%EA%B9%8C&_rdt_sid=search&_rdt_idx=0,live 연재 중
죽은 자를 상대하는 방법,dealingthedead,https://www.toons.kr/244c4f6f-8bce-4891-b7a9-a5ce1c589c52,"스릴러,좀비",내똥은참외,내똥은참외,,,,,,,https://oopy.lazyrockets.com/api/rest/cdn/image/ebb49060-f1f9-4631-8126-661c77d5fc27.png,https://www.bomtoon.com/comic/ep_list/death_man,연재 종료
그림자 미녀,shadowy beauty,https://www.toons.kr/254b22b2-64de-45a3-9ad4-1429d442a9e6,"드라마,스토리,성장",아흠,아흠,드라마 카카오TV 런칭!,,10,,드라마 카카오TV 런칭!,"성장연재 페이지https://page.kakao.com/home?seriesId=53419580글아흠그림아흠Featured드라마 카카오TV 런칭!2 more properties캐릭터애진학교에서는 마음 터놓을 친구 없는 왕따, SNS에서는 70만 팔로워를 가진 인플루언서 지니로 이중생활을 하고 있다.하늘애진을 왕따 시키고 있는 주동자로, 타고난 미모와 함께 자신의 외모에 엄청 신경은 쓰는 인물로 ‘호인’을 좋아하고 있다.호인궁금한건 꼭 알아내야 하는 추리덕후로, 애진에 대한 비밀을 캐내려고 한다.시놉시스어렸을 때부터 예쁜 언니와 비교 당하며 자란 애진. 그러나 사고로 언니가 죽게 되고, 자신에게 언제나 친절하고 자랑거리였던 언니를 그리워한다. 애진은 언니가 고등학생이 된 모습을 상상하며 자신의 사진을 과도하게 포토샵으로 변형하여 SNS에 업로드 하기 시작하고 팔로워 70만의 SNS스타 자리에 오르게 된다.학교에서는 왕따 애진으로, 인터넷에선 SNS 스타 지니로의 이중생활이 시작된다.TOP",https://oopy.lazyrockets.com/api/rest/cdn/image/ebb49060-f1f9-4631-8126-661c77d5fc27.png,https://page.kakao.com/home?seriesId=53419580,연재 종료
영의 확률,,https://www.toons.kr/25659099-8afd-48bb-8bb6-73daf9f2b751,BL,밥다오,밥다오,,,0.7,,,,https://oopy.lazyrockets.com/api/rest/cdn/image/ebb49060-f1f9-4631-8126-661c77d5fc27.png,https://ridibooks.com/books/3097001359,
인간시장,human market,https://www.toons.kr/26580726-4c78-47e2-8636-21e8e8395b55,"드라마,스토리,성장",아흠,아흠,아흠 작가님 차기작,,11,,아흠 작가님 차기작,"성장연재 페이지https://page.kakao.com/home?seriesId=58717191글아흠그림아흠Featured 아흠 작가님 차기작2 more properties캐릭터이미로허영심 가득한 인플루언서로 자신의 진짜 그림을 알아봐 주는 여자에게 호감을 가져 함께 술자리를 가졌는데, 자신의 과거를 알고 있는 사람인 것을 알게 되고 그 뒤로 계속 일이 꼬이게 된다.류시라복수를 위해 ‘미로’에게 접근을 한 인물로, ‘미로’에게 자신을 인플루언서로 만들어달라고 한다.진이용‘미로’와 사귀고 있는 남자친구로, 자신의 편한 일상을 위해 ‘미로’의 곁을 떠나지 않으려 한다.시놉시스“나도 너처럼 살아보자”완벽해 보였던 인플루언서 ‘미로’에게 자신의 모든 과거와 거짓말을 알고 있는 팬이 나타났다.이 여자는 이것을 이용해 ‘미로’에게 점점 더 많은 것을 요구를 하고, 자신을 인플루엇너의 위치에 올려놓아라고 하는데, 이 여자의 진짜 목적은 무엇일까?TOP",https://oopy.lazyrockets.com/api/rest/cdn/image/ebb49060-f1f9-4631-8126-661c77d5fc27.png,https://page.kakao.com/home?seriesId=58717191,live 연재 중
웽툰 시즌5,https://data.oopy.io/ weangtoon5,https://www.toons.kr/270ca824-0b29-45be-84da-32f88e499bfd,"일상,개그",춘섬이,춘섬이,,,28,,,,https://oopy.lazyrockets.com/api/rest/cdn/image/ebb49060-f1f9-4631-8126-661c77d5fc27.png,https://page.kakao.com/home?seriesId=53764524,live 연재 중
조선팔도 최강아이돌,chosun_SUPERidol,https://www.toons.kr/28227229-e734-4260-8338-4953c76e7fda,로맨스,햄쥐주먹,햄쥐주먹,,,43,,,,https://oopy.lazyrockets.com/api/rest/cdn/image/ebb49060-f1f9-4631-8126-661c77d5fc27.png,https://comic.naver.com/webtoon/list?titleId=721915,연재 종료
애증과 애정사이,love_hate_relationship,https://www.toons.kr/2887d1cc-ae8f-45c4-9e7b-7c0cf05b68fc,"BL,판타지,성인",부찌,부찌,차기작품,,33,,차기작품,,https://oopy.lazyrockets.com/api/rest/cdn/image/ebb49060-f1f9-4631-8126-661c77d5fc27.png,https://www.bomtoon.com/comic/ep_list/hate_love/?p_id=insta308&utm_medium=cpc&utm_campaign=newwebtoon&utm_content=%EC%95%A0%EC%A6%9D%EA%B3%BC%EC%95%A0%EC%A0%95%EC%82%AC%EC%9D%B4,연재 종료
멜랑꼴리,melancholy,https://www.toons.kr/2896d77f-c00e-45ef-9427-5a19fc1c8be7,"코미디,에피소드",비타민,비타민,,,,,,,https://oopy.lazyrockets.com/api/rest/cdn/image/ebb49060-f1f9-4631-8126-661c77d5fc27.png,,
페이트,fate,https://www.toons.kr/29f52c15-3efa-480a-8588-305fa31e4400,"판타지,로맨스",민구,진욱,,,29,,,,https://oopy.lazyrockets.com/api/rest/cdn/image/ebb49060-f1f9-4631-8126-661c77d5fc27.png,,연재 종료
다 해줄게,I'll do everything for you,https://www.toons.kr/2df64166-b597-4ce6-a5fb-fb43609b2070,"성인,드라마",M,Y,,,,,,,https://oopy.lazyrockets.com/api/rest/cdn/image/ebb49060-f1f9-4631-8126-661c77d5fc27.png,https://www.toomics.com/uplmscg/episode/toon/5045,연재 종료
얼굴미화부,beauty_maker,https://www.toons.kr/2f71c3a4-3d06-488d-9b92-0c2d400cb084,"뷰티,성장,드라마",호돌,호돌,"구독자 11만, 중국 연재",,38,,"구독자 11만, 중국 연재",,https://oopy.lazyrockets.com/api/rest/cdn/image/ebb49060-f1f9-4631-8126-661c77d5fc27.png,https://page.kakao.com/content/54710157,연재 종료
백합 하우스,,https://www.toons.kr/31b462e3-1a34-4ff6-b064-182e945725b4,"드라마,스릴러",정민,이부용,,,2,,,"신도윤 유학을 가있던 도중 아버지가 실종되어 마을로 돌아온다. 하지만 동네 사람들이 아버지의 이야기를 꺼려하는 듯한 태도에 의아해 하지만 곧, 태풍에 의해 강변으로 밀려 온 시신이 아버지라는 소식을 마주하게 된다.",https://oopy.lazyrockets.com/api/rest/cdn/image/ebb49060-f1f9-4631-8126-661c77d5fc27.png,https://page.kakao.com/content/60096304,
대형막내!,BIG_maknae,https://www.toons.kr/37d7cec5-8b3c-4b2b-a49c-aec3037cf46e,드라마,리즈,나랑,,,21,,,이 세계에서는 동물이 인간의 모습과 인간의 지능을 획득한 상태를 `신 인류`라고 부른다. 연예 엔터테인먼트 업계에서 신 인류의 특장점을 아이돌의 매력으로 마케팅 하는 것도 흔한 일이 됐다.,https://oopy.lazyrockets.com/api/rest/cdn/image/ebb49060-f1f9-4631-8126-661c77d5fc27.png,https://page.kakao.com/home?seriesId=57065475&orderby=asc,live 연재 중
나를 바꿔줘,Change_me,https://www.toons.kr/3d62629b-d9be-4506-863b-3f352ff3f052,드라마,조아람(이지호),이호정(호띠),영상화 계약 완료!,,0.01,,영상화 계약 완료!,,https://oopy.lazyrockets.com/api/rest/cdn/image/ebb49060-f1f9-4631-8126-661c77d5fc27.png,https://comic.naver.com/webtoon/list?titleId=733280,live 연재 중
사기캐,,https://www.toons.kr/3db665a3-96b7-4f5d-80c5-40e3b2a32b6b,"판타지,개그,소년,액션",후렛샤,레이저,,,1.2,,,"천사와 악마의 아이 하이브리드, 그 중에서도 최고의 혈통을 가진 그랜드 하이브리드는 각성하는 순간 우주를 날려버릴 수 있는 ‘사기캐’ 가 된다는 이야기다.",https://oopy.lazyrockets.com/api/rest/cdn/image/ebb49060-f1f9-4631-8126-661c77d5fc27.png,https://comic.naver.com/webtoon/list?titleId=778410,
데모니악,demoniac,https://www.toons.kr/3ea13aba-fa05-495c-babd-43ec8d045060,"스릴러,퇴마",후렛샤,김홍태,",  차기작, 네이버 웹툰 연재 시 요일 7위 유지 네이버북스 실시간 1위 기록, 인도네시아-대만-중국으로 글로벌 인기",,,,",  차기작, 네이버 웹툰 연재 시 요일 7위 유지 네이버북스 실시간 1위 기록, 인도네시아-대만-중국으로 글로벌 인기",마지막 이야기로 이탈리아의 카타콤에서 여행객을 통해 한국으로 들어온 악령인 데모니악들은 그들의 자식이자 악마의 자손들이 번영하기를 꿈꾼다.,https://oopy.lazyrockets.com/api/rest/cdn/image/ebb49060-f1f9-4631-8126-661c77d5fc27.png,https://comic.naver.com/webtoon/list?titleId=692512,live 연재 중
Day Or Night,,https://www.toons.kr/3fa09916-ec7c-49a6-8517-54e89cc6a323,"판타지,개그,소년,액션",후렛샤,백만보,,,2,,,,https://oopy.lazyrockets.com/api/rest/cdn/image/ebb49060-f1f9-4631-8126-661c77d5fc27.png,https://series.naver.com/comic/detail.series?productNo=10098140,
그녀의 버킷리스트,her_bucketlist,https://www.toons.kr/438ac1ab-4039-4866-85a3-e61a515ce556,로맨스,황양,솦,"(김소혜X나인우) 죽은 남자친구가 만들어 준 뜻밖의 인연 https://tv.kakao.com/v/425575092 김소혜X나인우, '그녀의 버킷리스트' 예고편 공개...연말 로맨스 감성 저격 https://tenasia.hankyung.com/tv-drama/article/2021121593324",,31,,"(김소혜X나인우) 죽은 남자친구가 만들어 준 뜻밖의 인연 https://tv.kakao.com/v/425575092 김소혜X나인우, '그녀의 버킷리스트' 예고편 공개...연말 로맨스 감성 저격 https://tenasia.hankyung.com/tv-drama/article/2021121593324",,https://oopy.lazyrockets.com/api/rest/cdn/image/ebb49060-f1f9-4631-8126-661c77d5fc27.png,https://comic.naver.com/webtoon/list?titleId=734012,연재 종료
스마트 패밀리,smart_family,https://www.toons.kr/44df1b88-35df-4302-8489-7b1e7f1678e1,"일상,개그",이철,이철,,,,,,,https://oopy.lazyrockets.com/api/rest/cdn/image/ebb49060-f1f9-4631-8126-661c77d5fc27.png,,연재 종료
베텔게우스,,https://www.toons.kr/450c4d5e-5fe9-4697-a38b-cef7ccbff0a1,"드라마,판타지,학원,SF판타지",중력,중력,,,2,,,"2030년 봄. 3월의 어느 날 오리온자리의 베텔게우스가 제2형 초신성 폭발한다.잇달아 원인 모를 전자기기의 오작동, 통신 두절, 탐사 기기와 우주선의 연락도 모두 끊겨 지구는 우주로부터 완전히 고립된다.혼란에 빠진 인류는 하늘에 나타난 푸른 별을 밤낮으로 마주하게 되고.고등학생인 주명은 이런 불안 사회 상황 속, 심리적 부담을 이기지 못하고 스트레스에 눌러 참다가 충동적으로 옥상 위에서 뛰어내리려 한다.그를 말리기 위해 달려온 같은 반 윤소.주명은 윤소가 신비한 힘을 쓰는 것을 목격하며 그녀를 통해 새로운 삶을 시작한다.인간이 아닌 새로운 지적 생명체인 윤소. 그리고 인간인 주명은 헝클어져 버린 시공간 너머에서 찾아온 낯설지만 가까운 존재들과 맞서 싸우게 되는데…TOP",https://oopy.lazyrockets.com/api/rest/cdn/image/ebb49060-f1f9-4631-8126-661c77d5fc27.png,카카오페이지 카카오웹툰,
마녀는 사랑하지 않아도 괜찮아요,witch_loveornot,https://www.toons.kr/45c36d9d-ed6c-4978-b18c-f29c9c907f62,"로맨스,마법사",개다래,개다래,카카오페이지   작가가 돌아왔다.,,6,,카카오페이지   작가가 돌아왔다.,,https://oopy.lazyrockets.com/api/rest/cdn/image/ebb49060-f1f9-4631-8126-661c77d5fc27.png,,save for 연재시작
귀신과 연애하기 시뮬레이션,,https://www.toons.kr/4b215fff-2ecb-4f7d-809e-dbc889077b3e,"로맨스,드라마,판타지,퇴마,공포,캠퍼스",이브,플민,,,1,,,,https://oopy.lazyrockets.com/api/rest/cdn/image/ebb49060-f1f9-4631-8126-661c77d5fc27.png,https://page.kakao.com/content/63602041,
Luck 4 you,Luck 4 you,https://www.toons.kr/4b2d7a8b-1b81-45c2-abcb-182ac9d8a25b,"판타지,드라마",조9,조9,,,,,,,https://oopy.lazyrockets.com/api/rest/cdn/image/ebb49060-f1f9-4631-8126-661c77d5fc27.png,,연재 종료
토끼는 숨죽여 울고 있었다,cryingrabbit,https://www.toons.kr/4ba47083-0d8a-4fea-9544-af027e523f98,"공포,스릴러",마묘한 후라이,미묘한 후라이,,,,,,,https://oopy.lazyrockets.com/api/rest/cdn/image/ebb49060-f1f9-4631-8126-661c77d5fc27.png,,연재 종료
트라우마,the_trauma,https://www.toons.kr/4beb3332-95dd-41be-b19c-04b47fd96d39,"개그,컷만화",곽백수,곽백수,,,,,,,https://oopy.lazyrockets.com/api/rest/cdn/image/ebb49060-f1f9-4631-8126-661c77d5fc27.png,,연재 종료
네버마인드달링,Never Mind Darling,https://www.toons.kr/51181337-5100-40e6-9741-98527d8e0cb4,"BL,캠퍼스",피버,피버,,,0.99,,,,https://oopy.lazyrockets.com/api/rest/cdn/image/ebb49060-f1f9-4631-8126-661c77d5fc27.png,리디북스,save for 연재시작
희망횟집,HOPErestaurant,https://www.toons.kr/525725af-6a96-4403-8447-aedadeb26e62,일상,봉실,봉실,,,,,,,https://oopy.lazyrockets.com/api/rest/cdn/image/ebb49060-f1f9-4631-8126-661c77d5fc27.png,https://page.kakao.com/home?seriesId=54450885&orderby=desc,연재 종료
이로운 변태,beneficial_pervert,https://www.toons.kr/536b3106-d9fb-484f-bfa2-e00f77472a83,로맨스,호돌,호돌,,,,,,,https://oopy.lazyrockets.com/api/rest/cdn/image/ebb49060-f1f9-4631-8126-661c77d5fc27.png,https://page.kakao.com/home/54589870,연재 종료
츄리닝,sweatsuit,https://www.toons.kr/5422d2d9-08c4-483a-88fe-052967a0b5b7,"일상,개그",국중록,이상신,,,,,,,https://oopy.lazyrockets.com/api/rest/cdn/image/ebb49060-f1f9-4631-8126-661c77d5fc27.png,,연재 종료
홈파이브(HOME5),HOME5,https://www.toons.kr/5533eb22-18e8-4449-a578-16fdaaf1d953,BL,온우주,서랭,,,12,,,,https://oopy.lazyrockets.com/api/rest/cdn/image/ebb49060-f1f9-4631-8126-661c77d5fc27.png,https://ridibooks.com/books/3097000733?_s=search&_q=홈파이브&_rdt_sid=search&_rdt_idx=0,live 연재 중
봄과 겨울,spring and winter,https://www.toons.kr/5830d8ce-1538-424e-9ce5-b2064a37e9b1,"GL,개그,학원",채담,채담,,,,,,,https://oopy.lazyrockets.com/api/rest/cdn/image/ebb49060-f1f9-4631-8126-661c77d5fc27.png,https://ridibooks.com/books/3097000560?type=rent#formSeriesList,연재 종료
겁쟁이 피지컬,cowarldy_physical,https://www.toons.kr/587633b3-6a22-4deb-8607-daa3974dd785,"소년,액션",이보카도,이보카도,,,19,,,,https://oopy.lazyrockets.com/api/rest/cdn/image/ebb49060-f1f9-4631-8126-661c77d5fc27.png,https://page.kakao.com/home?seriesId=58357162&orderby=desc,live 연재 중
웽툰 시즌4,wooengtoon_four,https://www.toons.kr/5c33994e-a95f-441d-886c-39adc6576502,"일상,개그",춘섬이,춘섬이,,,,,,,https://oopy.lazyrockets.com/api/rest/cdn/image/ebb49060-f1f9-4631-8126-661c77d5fc27.png,https://page.kakao.com/home?seriesId=53764524&page=5,live 연재 중
우리는 매일매일,we_are_everyday,https://www.toons.kr/5ffd4cd6-0429-490f-80ed-3a77ba3d9f79,로맨스,개다래,개다래,"하이틴 로맨스 '우리는 매일매일', 김새론X이채민X류의현X최유주 캐스팅 https://www.topdaily.kr/articles/77595",,11,,"하이틴 로맨스 '우리는 매일매일', 김새론X이채민X류의현X최유주 캐스팅 https://www.topdaily.kr/articles/77595",,https://oopy.lazyrockets.com/api/rest/cdn/image/ebb49060-f1f9-4631-8126-661c77d5fc27.png,https://page.kakao.com/home?seriesId=53488000,연재 종료
데이 세이 헤이,day_say_hey,https://www.toons.kr/63a1eb06-2dd8-472c-808e-db98adc56b4e,"일상,개그",어택,어택,,,,,,"일하기 싫은 아빠, 데이. 회사인이라면 모두 공감할 법한 이야기를 살고 있는 데이는 어쩐지 귀여워 보이기도 한다.",https://oopy.lazyrockets.com/api/rest/cdn/image/ebb49060-f1f9-4631-8126-661c77d5fc27.png,,연재 종료
아스라이,dimly_dontforgetme,https://www.toons.kr/64d8c38e-cf2e-4f1d-a3a5-e5c1bd1db07a,"드라마,가족",예환,예환,,,,,,,https://oopy.lazyrockets.com/api/rest/cdn/image/ebb49060-f1f9-4631-8126-661c77d5fc27.png,,연재 종료
루나,Luna,https://www.toons.kr/6bc676e8-9ce3-4993-b9a5-8a0880ac4fa2,"로맨스,판타지",홍비치라,홍비치라,,,49,,,,https://oopy.lazyrockets.com/api/rest/cdn/image/ebb49060-f1f9-4631-8126-661c77d5fc27.png,,연재 종료
반투명인간,half_invisibleman,https://www.toons.kr/6be7e370-82e6-4d11-930c-198b2bdd6a69,판타지,마인드C,김명현,"SNL 코리아→반투명인간…에이스토리, 2021-2023 콘텐츠 1차 라인업 공개 http://m.theceluv.com/article.php?aid=1629854458390626006",,33,,"SNL 코리아→반투명인간…에이스토리, 2021-2023 콘텐츠 1차 라인업 공개 http://m.theceluv.com/article.php?aid=1629854458390626006",", 2021-2023 콘텐츠 1차 라인업 공개 http://m.theceluv.com/article.php?aid=16298544583906260062 more properties캐릭터설리반 | “아",https://oopy.lazyrockets.com/api/rest/cdn/image/ebb49060-f1f9-4631-8126-661c77d5fc27.png,https://comic.naver.com/webtoon/list?titleId=710762,연재 종료
내가 누구개,Who am I,https://www.toons.kr/6cf89ae8-87ea-4c95-bdfd-84bc9ee67984,"판타지,로맨스",도무,성귤,,,,,,,https://oopy.lazyrockets.com/api/rest/cdn/image/ebb49060-f1f9-4631-8126-661c77d5fc27.png,https://page.kakao.com/home?seriesId=51205580,연재 종료
악마와 계약연애,Devil Number 4,https://www.toons.kr/6d254ddb-7bcf-40d5-8e9f-f167a62b6acf,"로맨스,판타지",장진,움비,"- 영상화 판권 / 출판 계약 완료 - 네이버웹툰 Mix 프로젝트 전체2위 - 네이버 연재 5회 만에 요일 7위권 돌파 - 일본,대만,북미,스페인,인도네시아,태국,프랑스 연재",,7,,"- 영상화 판권 / 출판 계약 완료 - 네이버웹툰 Mix 프로젝트 전체2위 - 네이버 연재 5회 만에 요일 7위권 돌파 - 일본,대만,북미,스페인,인도네시아,태국,프랑스 연재",,https://oopy.lazyrockets.com/api/rest/cdn/image/ebb49060-f1f9-4631-8126-661c77d5fc27.png,https://comic.naver.com/webtoon/list?titleId=710750,연재 종료
애착 인형,stuffed_animals,https://www.toons.kr/701766db-6494-4cd4-b1ed-46b29753d921,"로맨스,노블",호돌,호돌,,https://page.kakao.com/home?seriesId=51579669,18,,,,https://oopy.lazyrockets.com/api/rest/cdn/image/ebb49060-f1f9-4631-8126-661c77d5fc27.png,https://page.kakao.com/home?seriesId=59145452,save for 연재시작
꽃에 피는 봄,springblooming,https://www.toons.kr/70539e60-7f2c-4815-a534-17c69177a4d7,"판타지,로맨스",온징,돌돌,,,,,,,https://oopy.lazyrockets.com/api/rest/cdn/image/ebb49060-f1f9-4631-8126-661c77d5fc27.png,,연재 종료
우리 모두는 누군가의 첫사랑이었다,,https://www.toons.kr/74b74cfc-9b7a-422f-a4fa-bda77eef63d2,"학원물,로맨스",이안,이안,,,0.8,,,"최다솔 큰 키와 잘생긴 얼굴, 피어싱이 특징인 소년. 초등학교 때 마주친 주인공 ‘서결’을 오랫동안 짝사랑하고 있다. 그러나 정작 ‘결’이는 다솔이를 기억하지 못하고 있는 상황.",https://oopy.lazyrockets.com/api/rest/cdn/image/ebb49060-f1f9-4631-8126-661c77d5fc27.png,,
밀토담,,https://www.toons.kr/75b232df-0db8-4f5c-a02f-68a0db39e027,"BL,판타지",,봉,,,2,,,,https://oopy.lazyrockets.com/api/rest/cdn/image/ebb49060-f1f9-4631-8126-661c77d5fc27.png,https://ridibooks.com/books/3097001093?_rdt_sid=library_detail&_rdt_idx=0,
황금의 핸드메이커,handmaker_thegold,https://www.toons.kr/77eea791-5a81-4627-a6cd-8e90f4f14d6c,"판타지,소년",박장고,김래하,,,,,,"황금을 만드는 손, 주인공 미다스의 오른팔을 빼앗아 그 능력으로 세상을 정복하려는 야망이 있다.",https://oopy.lazyrockets.com/api/rest/cdn/image/ebb49060-f1f9-4631-8126-661c77d5fc27.png,https://series.naver.com/comic/detail.series?productNo=3513129,연재 종료
아는 사람 이야기,story_someone_i_know,https://www.toons.kr/79a3307a-a9e7-4e17-a495-d55f85daf9bd,BL,최현희(온우주),이승연(서랭),,,,,,사람들은 자신의 비밀을 이렇게 꺼내놓곤 한다. 스스로를 이야기의 ‘주인공’이 아닌 ‘엑스트라’로 내세워서.,https://oopy.lazyrockets.com/api/rest/cdn/image/ebb49060-f1f9-4631-8126-661c77d5fc27.png,https://www.bomtoon.com/comic/ep_list/AnunSaram,연재 종료
웃지 않는 개그반,comedyclass,https://www.toons.kr/79f6d7a2-4141-4230-a30b-f5a072a64ee9,개그,현용민,현용민,,,,,,발레복을 입은 담임부터 흑인인 국사선생님까지 그들이 겪는 웃지 못 할 이야기가 펼쳐진다.,https://oopy.lazyrockets.com/api/rest/cdn/image/ebb49060-f1f9-4631-8126-661c77d5fc27.png,https://comic.naver.com/webtoon/list?titleId=503253,연재 종료
도문대작,Great materpiece,https://www.toons.kr/7b8b7dbc-e3b2-427e-9a71-3e6a5ecd8527,시대,유승진,Wooz,,,,,,,https://oopy.lazyrockets.com/api/rest/cdn/image/ebb49060-f1f9-4631-8126-661c77d5fc27.png,,연재 종료
러브 앤 위시,love&wish,https://www.toons.kr/7efecc41-650e-4ce2-af3e-9ec3300342b8,로맨스,이네,이네,"- 카카오페이지 150만 구독자, 밀리언페이지 등극 - 누적 작품 뷰 약 1억 뷰, 1회 최고 누적 225만 뷰 - 2017년 기준, 카카오페이지 약 5억 매출 달성 - 한국,일본,중국,대만,영미권에 인기 및 유료 수익 폭발 - 드라마/영화 계약 완료",,9,,"- 카카오페이지 150만 구독자, 밀리언페이지 등극 - 누적 작품 뷰 약 1억 뷰, 1회 최고 누적 225만 뷰 - 2017년 기준, 카카오페이지 약 5억 매출 달성 - 한국,일본,중국,대만,영미권에 인기 및 유료 수익 폭발 - 드라마/영화 계약 완료",,https://oopy.lazyrockets.com/api/rest/cdn/image/ebb49060-f1f9-4631-8126-661c77d5fc27.png,https://page.kakao.com/home?seriesId=49256586,연재 종료
데드라이프,Dead Life,https://www.toons.kr/7f4b8949-1396-46dc-8ff0-954b6f7ea18f,드라마,후렛샤,임진국,,,,,,"성훈은 좀비들을 ‘신인류’라 칭하며, 그들의 왕이 되어 새로운 세계를 창조하기 시작한다.",https://oopy.lazyrockets.com/api/rest/cdn/image/ebb49060-f1f9-4631-8126-661c77d5fc27.png,https://series.naver.com/comic/detail.series?productNo=3512644,연재 종료
끝과 시작,end_and_start,https://www.toons.kr/800c6f3a-a547-4328-af20-87750d6d7741,로맨스,오메가슬이,오메가슬이,,,,,,,https://oopy.lazyrockets.com/api/rest/cdn/image/ebb49060-f1f9-4631-8126-661c77d5fc27.png,,연재 종료
사랑양장점,love_boutique,https://www.toons.kr/839f89ad-d81d-4d0e-93a8-b65e2b8339eb,로맨스,은하,불곰,버프툰 조회수 230만,,,,버프툰 조회수 230만,"첫사랑 ‘호랑'의 안락함 속에 숨어있는 미련, 집착과 새로운 사랑 ‘까망'이 보여주는 모험, 도전, 탈피 사이에서 과거와 현재의 갈등을 이겨내는 성장 로맨스 이야기",https://oopy.lazyrockets.com/api/rest/cdn/image/ebb49060-f1f9-4631-8126-661c77d5fc27.png,https://bufftoon.plaync.com/series/1000608,연재 종료
펌킨타임,pumpkintime,https://www.toons.kr/858b9e64-7c5c-45b2-a49a-17f68b217de9,로맨스,개다래,개다래,카카오 TV 드라마 론치!,,9,,카카오 TV 드라마 론치!,,https://oopy.lazyrockets.com/api/rest/cdn/image/ebb49060-f1f9-4631-8126-661c77d5fc27.png,https://page.kakao.com/home/53764621,연재 종료
미래 남편 누구게?,Guess who my future husband is.,https://www.toons.kr/86769f85-971d-4570-9d00-0b63f4a7dad5,로맨스,랑랑랑랑,금귤,,,15,,,,https://oopy.lazyrockets.com/api/rest/cdn/image/ebb49060-f1f9-4631-8126-661c77d5fc27.png,https://series.naver.com/comic/detail.series?productNo=6393980,live 연재 중
NPC,NPC,https://www.toons.kr/89030be2-e1cc-415b-8937-c7b5162376e6,"개그,판타지",후렛샤,불개미,,,,,,성의 경비병. 가장 먼저 세계가 이상함을 깨닫는다. 멋있어보이는 말을 자주 한다.,https://oopy.lazyrockets.com/api/rest/cdn/image/ebb49060-f1f9-4631-8126-661c77d5fc27.png,https://toptoon.com/comic/ep_list/npc,연재 종료
언무드셀라,unmoodsella,https://www.toons.kr/8c6216c7-419f-4b3d-918d-c0540fc74400,드라마,호돌,호돌,,,,,,민지 | “영화나 만화 속 주인공들처럼 누군가 나를 재미있는 곳으로 데려가줬으면.”,https://oopy.lazyrockets.com/api/rest/cdn/image/ebb49060-f1f9-4631-8126-661c77d5fc27.png,https://page.kakao.com/home/%EC%96%B8%EB%AC%B4%EB%93%9C%EC%85%80%EB%9D%BC/54553280,연재 종료
처음부터 너였어,,https://www.toons.kr/924c9aea-4393-4e1a-ac7e-e48a68ea46b3,BL,탄산수서빙매니저,피자배달알바생,,,0.6,,,,https://oopy.lazyrockets.com/api/rest/cdn/image/ebb49060-f1f9-4631-8126-661c77d5fc27.png,https://www.bomtoon.com/detail/it_was_you,
마야고,mayago,https://www.toons.kr/92d1bebb-bb84-4483-9adc-3bd63cc244d5,"스릴러,퇴마",후렛샤,김홍태,차기작,,,,차기작,의 후속작으로 전편의 주인공 천박사는 우연히 취재를 하러 갔다가 정체불명의 마을에 갇히고 만다.,https://oopy.lazyrockets.com/api/rest/cdn/image/ebb49060-f1f9-4631-8126-661c77d5fc27.png,https://comic.naver.com/webtoon/list?titleId=660333,연재 종료
